Used Technology,Wanted Technology,Count
Swift,Swift,33
Swift,Elixir,3
Swift,Ruby,6
Swift,Swift,24
Swift,C#,3
Swift,JavaScript,8
Swift,SQL,3
Swift,Haskell,3
Swift,Python,8
Swift,Go,4
Swift,Java,2
Swift,JavaScript,6
Swift,Rust,2
Swift,Ruby,1
Swift,Scala,1
Swift,Clojure,2
Swift,Python,6
Swift,Objective-C,4
Swift,TypeScript,3
Swift,C++,3
Swift,Haskell,1
Swift,Java,1
Swift,Go,1
iOS,iOS,1056
iOS,Android,427
iOS,iOS,316
iOS,Windows Phone,54
iOS,Windows Desktop,224
iOS,Mac OS,793
iOS,Arduino,248
iOS,Raspberry Pi,453
iOS,Amazon Web Services (AWS),578
iOS,Serverless,16
iOS,Microsoft Azure,173
iOS,Serverless,89
iOS,Raspberry Pi,28
iOS,Linux Desktop,275
iOS,Linux Desktop,50
iOS,Mac OS,49
iOS,Windows Desktop,45
iOS,Salesforce,38
iOS,WordPress,105
iOS,Windows Phone,7
iOS,Mainframe,17
iOS,Salesforce,2
iOS,SharePoint,27
iOS,Amazon Web Services (AWS),53
iOS,Arduino,19
iOS,Microsoft Azure,11
iOS,SharePoint,2
iOS,WordPress,6
JavaScript,Java,363
JavaScript,Python,1841
JavaScript,Ruby,780
JavaScript,SQL,1732
JavaScript,Clojure,110
JavaScript,Elixir,102
JavaScript,Erlang,99
JavaScript,Haskell,175
JavaScript,Rust,342
JavaScript,TypeScript,929
JavaScript,C#,367
JavaScript,F#,35
JavaScript,JavaScript,1675
JavaScript,R,260
JavaScript,VB.NET,86
JavaScript,JavaScript,1973
JavaScript,Haskell,90
JavaScript,Go,569
JavaScript,PHP,1568
JavaScript,Scala,281
JavaScript,CoffeeScript,152
JavaScript,Dart,29
JavaScript,Go,411
JavaScript,C,289
JavaScript,C++,203
JavaScript,Common Lisp,23
JavaScript,PHP,73
JavaScript,Elixir,220
JavaScript,Julia,46
JavaScript,C++,390
JavaScript,Java,419
JavaScript,C#,189
JavaScript,Python,179
JavaScript,Swift,591
JavaScript,Scala,19
JavaScript,Assembly,96
JavaScript,C,41
JavaScript,Clojure,51
JavaScript,Lua,11
JavaScript,Groovy,6
JavaScript,Swift,47
JavaScript,Ruby,36
JavaScript,VBA,51
JavaScript,Visual Basic 6,29
JavaScript,Hack,44
JavaScript,Perl,142
JavaScript,Objective-C,180
JavaScript,Matlab,4
JavaScript,CoffeeScript,52
JavaScript,Objective-C,16
JavaScript,Lua,96
JavaScript,Common Lisp,35
JavaScript,Smalltalk,39
JavaScript,Hack,28
JavaScript,F#,9
JavaScript,Dart,33
JavaScript,Perl,22
JavaScript,TypeScript,41
JavaScript,Erlang,45
JavaScript,Julia,8
JavaScript,Rust,16
JavaScript,Matlab,49
JavaScript,Smalltalk,4
JavaScript,R,12
JavaScript,SQL,12
JavaScript,Groovy,18
JavaScript,Visual Basic 6,1
Python,Java,785
Python,Python,6333
Python,Ruby,1242
Python,SQL,2975
Python,C,1630
Python,Rust,1216
Python,Matlab,27
Python,R,989
Python,JavaScript,827
Python,Julia,258
Python,Matlab,464
Python,Clojure,250
Python,Elixir,304
Python,Haskell,880
Python,Scala,1144
Python,Perl,24
Python,Go,900
Python,Java,2107
Python,JavaScript,3635
Python,Swift,1296
Python,C++,1682
Python,Lua,498
Python,PHP,1313
Python,Dart,51
Python,Python,338
Python,C#,1119
Python,Common Lisp,212
Python,C++,1519
Python,VB.NET,175
Python,TypeScript,1273
Python,Erlang,89
Python,Go,1619
Python,Groovy,215
Python,C#,1079
Python,F#,380
Python,Rust,52
Python,Assembly,899
Python,Clojure,290
Python,C,607
Python,CoffeeScript,190
Python,Elixir,217
Python,Objective-C,37
Python,Perl,383
Python,Scala,40
Python,Dart,138
Python,Erlang,370
Python,Hack,111
Python,Objective-C,500
Python,Smalltalk,121
Python,VBA,115
Python,Visual Basic 6,89
Python,Julia,46
Python,Common Lisp,105
Python,Hack,9
Python,R,35
Python,Haskell,183
Python,Groovy,79
Python,CoffeeScript,192
Python,Lua,26
Python,F#,44
Python,PHP,48
Python,SQL,10
Python,Ruby,37
Python,Swift,39
Python,TypeScript,18
Python,Smalltalk,4
Python,Visual Basic 6,1
Ruby,Java,185
Ruby,Python,1004
Ruby,Ruby,1485
Ruby,SQL,955
Ruby,Clojure,133
Ruby,Elixir,248
Ruby,Haskell,284
Ruby,Scala,369
Ruby,JavaScript,341
Ruby,Rust,418
Ruby,Swift,559
Ruby,JavaScript,1204
Ruby,Go,583
Ruby,Common Lisp,42
Ruby,Clojure,107
Ruby,Erlang,215
Ruby,Elixir,328
Ruby,Dart,15
Ruby,CoffeeScript,164
Ruby,Dart,45
Ruby,C,319
Ruby,Objective-C,203
Ruby,C++,266
Ruby,Common Lisp,64
Ruby,C++,244
Ruby,C#,330
Ruby,R,211
Ruby,VB.NET,60
Ruby,PHP,18
Ruby,Assembly,187
Ruby,Go,302
Ruby,TypeScript,466
Ruby,F#,129
Ruby,Matlab,80
Ruby,Groovy,92
Ruby,Java,500
Ruby,C#,212
Ruby,CoffeeScript,78
Ruby,Perl,132
Ruby,PHP,379
Ruby,Rust,14
Ruby,Haskell,42
Ruby,Ruby,44
Ruby,Julia,67
Ruby,Groovy,32
Ruby,C,108
Ruby,Lua,135
Ruby,Hack,44
Ruby,Lua,9
Ruby,Swift,23
Ruby,Matlab,5
Ruby,Python,58
Ruby,VBA,37
Ruby,Scala,10
Ruby,TypeScript,8
Ruby,Perl,10
Ruby,Visual Basic 6,40
Ruby,Erlang,31
Ruby,Smalltalk,57
Ruby,Objective-C,11
Ruby,R,11
Ruby,Julia,9
Ruby,F#,9
Ruby,SQL,2
Ruby,Hack,2
Ruby,Smalltalk,1
Ruby,VB.NET,1
SQL,Java,1862
SQL,Python,5835
SQL,Ruby,2187
SQL,SQL,9809
SQL,Matlab,31
SQL,R,1542
SQL,C#,4594
SQL,JavaScript,1658
SQL,Rust,1158
SQL,Swift,2103
SQL,Assembly,889
SQL,Clojure,311
SQL,Go,1922
SQL,JavaScript,7835
SQL,TypeScript,3465
SQL,Hack,42
SQL,PHP,3431
SQL,F#,1135
SQL,Haskell,824
SQL,C++,1876
SQL,C#,1769
SQL,Java,3515
SQL,Clojure,313
SQL,Groovy,349
SQL,Scala,1594
SQL,F#,178
SQL,C++,1506
SQL,Perl,596
SQL,Objective-C,930
SQL,Erlang,96
SQL,Common Lisp,92
SQL,Erlang,454
SQL,Dart,92
SQL,Groovy,205
SQL,Smalltalk,147
SQL,Elixir,426
SQL,Python,445
SQL,CoffeeScript,305
SQL,C,1625
SQL,Common Lisp,214
SQL,VB.NET,545
SQL,Lua,569
SQL,R,78
SQL,PHP,174
SQL,Go,1145
SQL,Elixir,341
SQL,Swift,70
SQL,CoffeeScript,350
SQL,Ruby,78
SQL,Dart,182
SQL,Hack,190
SQL,Julia,214
SQL,Matlab,430
SQL,VBA,297
SQL,Visual Basic 6,183
SQL,C,523
SQL,Rust,41
SQL,Haskell,160
SQL,Objective-C,88
SQL,TypeScript,92
SQL,Lua,30
SQL,Scala,70
SQL,Perl,41
SQL,Julia,31
SQL,SQL,29
SQL,Smalltalk,9
SQL,Visual Basic 6,3
SQL,VB.NET,4
SQL,VBA,1
.NET Core,.NET Core,995
.NET Core,Xamarin,270
.NET Core,.NET Core,984
.NET Core,AngularJS,822
.NET Core,Node.js,546
.NET Core,Hadoop,131
.NET Core,Spark,84
.NET Core,Spark,20
.NET Core,Node.js,232
.NET Core,Xamarin,407
.NET Core,React,71
.NET Core,React,325
.NET Core,Cordova,95
.NET Core,Hadoop,128
.NET Core,Firebase,78
.NET Core,Cordova,19
.NET Core,Firebase,8
MySQL,MySQL,2506
MySQL,SQLite,1361
MySQL,PostgreSQL,446
MySQL,Redis,364
MySQL,MySQL,1425
MySQL,PostgreSQL,1347
MySQL,Cassandra,505
MySQL,MongoDB,1763
MySQL,Oracle,637
MySQL,SQL Server,229
MySQL,Oracle,73
MySQL,SQL Server,188
MySQL,MongoDB,315
MySQL,Redis,534
MySQL,SQLite,116
SQLite,MySQL,812
SQLite,SQLite,3075
SQLite,MongoDB,1846
SQLite,Redis,865
SQLite,SQL Server,763
SQLite,MySQL,1751
SQLite,SQL Server,861
SQLite,PostgreSQL,1728
SQLite,Oracle,59
SQLite,Cassandra,742
SQLite,MongoDB,430
SQLite,PostgreSQL,458
SQLite,Redis,627
SQLite,Oracle,667
SQLite,SQLite,130
Amazon Web Services (AWS),Linux Desktop,51
Amazon Web Services (AWS),Raspberry Pi,181
Amazon Web Services (AWS),Amazon Web Services (AWS),599
Amazon Web Services (AWS),Amazon Web Services (AWS),733
Amazon Web Services (AWS),Serverless,130
Amazon Web Services (AWS),Microsoft Azure,163
Amazon Web Services (AWS),Raspberry Pi,92
Amazon Web Services (AWS),Windows Desktop,12
Amazon Web Services (AWS),Android,318
Amazon Web Services (AWS),iOS,145
Amazon Web Services (AWS),Mac OS,79
Amazon Web Services (AWS),iOS,113
Amazon Web Services (AWS),Mac OS,13
Amazon Web Services (AWS),Serverless,86
Amazon Web Services (AWS),Windows Phone,7
Amazon Web Services (AWS),Windows Phone,9
Amazon Web Services (AWS),Arduino,90
Amazon Web Services (AWS),Linux Desktop,63
Amazon Web Services (AWS),Arduino,59
Amazon Web Services (AWS),Microsoft Azure,28
Amazon Web Services (AWS),Salesforce,12
Amazon Web Services (AWS),Salesforce,5
Amazon Web Services (AWS),WordPress,20
Amazon Web Services (AWS),Windows Desktop,23
Amazon Web Services (AWS),WordPress,6
Amazon Web Services (AWS),Mainframe,2
Amazon Web Services (AWS),SharePoint,2
Amazon Web Services (AWS),SharePoint,1
Amazon Web Services (AWS),Mainframe,1
Java,C,378
Java,Python,1735
Java,Rust,270
Java,JavaScript,398
Java,Ruby,570
Java,Swift,795
Java,Java,2116
Java,Scala,869
Java,Go,464
Java,Java,1231
Java,JavaScript,2225
Java,R,325
Java,C++,433
Java,C#,271
Java,SQL,1595
Java,Clojure,160
Java,Groovy,82
Java,Elixir,60
Java,Go,341
Java,CoffeeScript,69
Java,Clojure,70
Java,TypeScript,23
Java,Groovy,94
Java,Smalltalk,46
Java,C#,354
Java,Python,177
Java,Lua,96
Java,TypeScript,718
Java,Perl,110
Java,Erlang,42
Java,Haskell,201
Java,Scala,78
Java,Assembly,154
Java,C,92
Java,Elixir,74
Java,PHP,654
Java,Julia,37
Java,Dart,35
Java,C++,310
Java,Rust,17
Java,Hack,11
Java,Common Lisp,36
Java,Haskell,87
Java,Swift,57
Java,Ruby,29
Java,Objective-C,243
Java,F#,39
Java,Dart,36
Java,Matlab,91
Java,Erlang,73
Java,F#,10
Java,CoffeeScript,36
Java,R,16
Java,PHP,22
Java,Objective-C,27
Java,Hack,28
Java,Visual Basic 6,30
Java,VB.NET,70
Java,Common Lisp,32
Java,VBA,32
Java,Matlab,7
Java,Smalltalk,5
Java,Julia,8
Java,Perl,11
Java,VB.NET,1
Java,Lua,4
Java,SQL,6
Java,Visual Basic 6,1
Java,VBA,1
PHP,C,995
PHP,Python,3235
PHP,Rust,534
PHP,Clojure,135
PHP,Elixir,217
PHP,Erlang,236
PHP,Haskell,403
PHP,TypeScript,1546
PHP,Go,1052
PHP,Ruby,1401
PHP,TypeScript,38
PHP,JavaScript,1465
PHP,PHP,3908
PHP,C#,1382
PHP,R,540
PHP,VB.NET,301
PHP,SQL,4024
PHP,Groovy,57
PHP,Java,1948
PHP,JavaScript,3942
PHP,Lua,371
PHP,R,19
PHP,PHP,119
PHP,Go,742
PHP,Clojure,154
PHP,Python,177
PHP,Scala,634
PHP,Swift,1303
PHP,Assembly,593
PHP,C,359
PHP,C++,970
PHP,C#,994
PHP,CoffeeScript,202
PHP,Erlang,55
PHP,Common Lisp,130
PHP,Dart,136
PHP,F#,252
PHP,Groovy,143
PHP,Hack,182
PHP,Julia,93
PHP,Matlab,237
PHP,Objective-C,593
PHP,Perl,397
PHP,Smalltalk,89
PHP,VBA,160
PHP,Visual Basic 6,119
PHP,C++,1078
PHP,Java,925
PHP,Elixir,197
PHP,F#,40
PHP,Common Lisp,55
PHP,CoffeeScript,262
PHP,Hack,45
PHP,Objective-C,64
PHP,Haskell,87
PHP,Lua,25
PHP,Scala,22
PHP,Swift,58
PHP,Ruby,49
PHP,Rust,16
PHP,Dart,57
PHP,Perl,32
PHP,Julia,9
PHP,Matlab,13
PHP,VB.NET,2
PHP,SQL,10
Matlab,Matlab,16
Matlab,Python,72
Matlab,R,40
Matlab,SQL,28
Matlab,JavaScript,5
Matlab,Julia,10
Matlab,Matlab,33
Matlab,C#,6
Matlab,JavaScript,12
Matlab,PHP,7
Matlab,VB.NET,1
Matlab,VBA,6
Matlab,Ruby,7
Matlab,Python,20
Matlab,R,5
Matlab,Julia,6
Matlab,C++,29
Matlab,C,17
Matlab,C++,13
Matlab,Go,3
Matlab,Lua,2
Matlab,Assembly,11
Matlab,C#,5
Matlab,Haskell,1
Matlab,Perl,3
Matlab,Java,6
Matlab,Lua,1
Matlab,Smalltalk,1
Matlab,Visual Basic 6,1
Matlab,Haskell,1
Matlab,Java,5
Matlab,Scala,4
Matlab,Swift,4
Matlab,CoffeeScript,2
Matlab,Clojure,1
Matlab,F#,1
Matlab,Perl,1
Matlab,C,7
Matlab,Common Lisp,2
Matlab,Go,1
Matlab,TypeScript,1
Matlab,Objective-C,1
Matlab,Objective-C,1
Matlab,Erlang,1
Matlab,F#,1
R,Matlab,10
R,Python,733
R,R,696
R,SQL,536
R,JavaScript,94
R,Groovy,9
R,Java,289
R,JavaScript,474
R,Lua,62
R,TypeScript,162
R,C++,228
R,C,204
R,C#,140
R,CoffeeScript,24
R,Go,181
R,Haskell,120
R,Perl,59
R,PHP,138
R,Ruby,135
R,C++,176
R,Clojure,36
R,Elixir,46
R,Scala,237
R,Elixir,24
R,Rust,103
R,Java,118
R,Matlab,108
R,C#,169
R,F#,77
R,Swift,139
R,Julia,118
R,Go,100
R,Erlang,58
R,Assembly,87
R,C,48
R,Python,98
R,Clojure,44
R,Dart,5
R,Haskell,26
R,Common Lisp,15
R,R,7
R,Objective-C,60
R,CoffeeScript,26
R,Perl,5
R,F#,10
R,Groovy,34
R,Objective-C,5
R,Dart,17
R,Hack,16
R,VBA,36
R,Visual Basic 6,20
R,Julia,28
R,Smalltalk,23
R,Erlang,9
R,Common Lisp,29
R,Smalltalk,1
R,VB.NET,22
R,TypeScript,8
R,Lua,6
R,SQL,2
R,Rust,1
R,Scala,8
R,Swift,3
R,PHP,5
R,Visual Basic 6,1
R,Ruby,2
R,Hack,2
React,Hadoop,33
React,Node.js,65
React,React,185
React,React,438
React,.NET Core,125
React,Node.js,134
React,Spark,51
React,AngularJS,91
React,Spark,15
React,Firebase,73
React,.NET Core,17
React,Xamarin,11
React,Xamarin,47
React,Hadoop,13
React,Cordova,20
React,Cordova,6
React,Firebase,5
MongoDB,MongoDB,2826
MongoDB,Redis,1347
MongoDB,SQL Server,699
MongoDB,MySQL,1607
MongoDB,SQLite,913
MongoDB,Cassandra,755
MongoDB,PostgreSQL,1496
MongoDB,Redis,453
MongoDB,Oracle,24
MongoDB,MongoDB,423
MongoDB,MySQL,195
MongoDB,PostgreSQL,215
MongoDB,SQL Server,187
MongoDB,Oracle,378
MongoDB,SQLite,39
Redis,MongoDB,678
Redis,Redis,868
Redis,SQL Server,211
Redis,MySQL,576
Redis,SQLite,286
Redis,PostgreSQL,673
Redis,Redis,268
Redis,Cassandra,428
Redis,MongoDB,192
Redis,PostgreSQL,44
Redis,MySQL,26
Redis,Oracle,73
Redis,SQLite,3
Redis,SQL Server,15
Redis,Oracle,7
SQL Server,MongoDB,924
SQL Server,Redis,555
SQL Server,SQL Server,991
SQL Server,MySQL,618
SQL Server,SQLite,471
SQL Server,PostgreSQL,598
SQL Server,Redis,413
SQL Server,Cassandra,404
SQL Server,MongoDB,203
SQL Server,MySQL,54
SQL Server,SQL Server,192
SQL Server,Oracle,237
SQL Server,PostgreSQL,58
SQL Server,SQLite,10
SQL Server,Oracle,13
MySQL,MongoDB,2737
MySQL,Redis,1495
MySQL,SQL Server,1086
MySQL,MySQL,3657
MySQL,SQLite,1727
MySQL,Redis,998
MySQL,PostgreSQL,2164
MySQL,Oracle,901
MySQL,Cassandra,1159
MySQL,MongoDB,640
MySQL,SQL Server,1295
MySQL,PostgreSQL,261
MySQL,MySQL,530
MySQL,Oracle,69
MySQL,SQLite,39
Windows Desktop,Windows Desktop,2998
Windows Desktop,Linux Desktop,2025
Windows Desktop,Mac OS,928
Windows Desktop,Amazon Web Services (AWS),1671
Windows Desktop,Arduino,67
Windows Desktop,Raspberry Pi,1547
Windows Desktop,Android,2140
Windows Desktop,iOS,767
Windows Desktop,Windows Desktop,1445
Windows Desktop,Microsoft Azure,1220
Windows Desktop,Microsoft Azure,105
Windows Desktop,Linux Desktop,681
Windows Desktop,Windows Phone,122
Windows Desktop,Serverless,206
Windows Desktop,Arduino,841
Windows Desktop,Mainframe,85
Windows Desktop,iOS,270
Windows Desktop,Windows Phone,229
Windows Desktop,Salesforce,101
Windows Desktop,SharePoint,177
Windows Desktop,WordPress,358
Windows Desktop,Amazon Web Services (AWS),179
Windows Desktop,Mainframe,7
Windows Desktop,Raspberry Pi,119
Windows Desktop,Serverless,45
Windows Desktop,WordPress,23
Windows Desktop,SharePoint,11
Windows Desktop,Salesforce,13
Windows Desktop,Mac OS,103
Linux Desktop,Windows Desktop,1086
Linux Desktop,Linux Desktop,3085
Linux Desktop,Mac OS,1247
Linux Desktop,Amazon Web Services (AWS),1636
Linux Desktop,Linux Desktop,768
Linux Desktop,Raspberry Pi,1812
Linux Desktop,Android,2285
Linux Desktop,Microsoft Azure,555
Linux Desktop,Arduino,1076
Linux Desktop,iOS,371
Linux Desktop,Windows Desktop,1126
Linux Desktop,iOS,810
Linux Desktop,Windows Phone,201
Linux Desktop,Serverless,231
Linux Desktop,Salesforce,123
Linux Desktop,SharePoint,123
Linux Desktop,WordPress,470
Linux Desktop,Mainframe,115
Linux Desktop,Raspberry Pi,83
Linux Desktop,Mainframe,6
Linux Desktop,Arduino,71
Linux Desktop,Serverless,18
Linux Desktop,Amazon Web Services (AWS),100
Linux Desktop,Mac OS,56
Linux Desktop,Windows Phone,48
Linux Desktop,Microsoft Azure,14
Linux Desktop,Salesforce,7
Linux Desktop,WordPress,14
Linux Desktop,SharePoint,5
Mac OS,Windows Desktop,385
Mac OS,Linux Desktop,1147
Mac OS,Mac OS,2419
Mac OS,Amazon Web Services (AWS),1547
Mac OS,Linux Desktop,656
Mac OS,Serverless,286
Mac OS,iOS,719
Mac OS,Android,1410
Mac OS,iOS,939
Mac OS,Arduino,700
Mac OS,Raspberry Pi,1171
Mac OS,Raspberry Pi,85
Mac OS,Windows Desktop,654
Mac OS,Mac OS,160
Mac OS,Salesforce,110
Mac OS,SharePoint,77
Mac OS,WordPress,351
Mac OS,Microsoft Azure,404
Mac OS,Windows Phone,153
Mac OS,Arduino,50
Mac OS,Windows Phone,23
Mac OS,Serverless,20
Mac OS,Amazon Web Services (AWS),87
Mac OS,Mainframe,66
Mac OS,Microsoft Azure,20
Mac OS,Salesforce,5
Mac OS,SharePoint,5
Mac OS,Mainframe,2
Mac OS,WordPress,7
Amazon Web Services (AWS),Windows Desktop,455
Amazon Web Services (AWS),Linux Desktop,1111
Amazon Web Services (AWS),Mac OS,1323
Amazon Web Services (AWS),Amazon Web Services (AWS),3732
Amazon Web Services (AWS),Linux Desktop,968
Amazon Web Services (AWS),Android,1977
Amazon Web Services (AWS),iOS,976
Amazon Web Services (AWS),Windows Phone,140
Amazon Web Services (AWS),Windows Desktop,581
Amazon Web Services (AWS),Arduino,832
Amazon Web Services (AWS),Serverless,613
Amazon Web Services (AWS),Arduino,147
Amazon Web Services (AWS),WordPress,58
Amazon Web Services (AWS),Raspberry Pi,1609
Amazon Web Services (AWS),Microsoft Azure,764
Amazon Web Services (AWS),Mac OS,417
Amazon Web Services (AWS),Amazon Web Services (AWS),274
Amazon Web Services (AWS),Serverless,162
Amazon Web Services (AWS),Raspberry Pi,219
Amazon Web Services (AWS),iOS,599
Amazon Web Services (AWS),WordPress,486
Amazon Web Services (AWS),Salesforce,164
Amazon Web Services (AWS),Windows Phone,56
Amazon Web Services (AWS),SharePoint,103
Amazon Web Services (AWS),Microsoft Azure,29
Amazon Web Services (AWS),Salesforce,29
Amazon Web Services (AWS),Mainframe,87
Amazon Web Services (AWS),SharePoint,10
Amazon Web Services (AWS),Mainframe,4
Rust,Clojure,18
Rust,Elixir,44
Rust,Erlang,36
Rust,Haskell,85
Rust,Rust,276
Rust,TypeScript,68
Rust,Assembly,76
Rust,Clojure,35
Rust,Go,93
Rust,JavaScript,117
Rust,Swift,56
Rust,JavaScript,16
Rust,Ruby,60
Rust,SQL,80
Rust,C#,25
Rust,F#,38
Rust,Matlab,15
Rust,Python,118
Rust,R,21
Rust,Scala,50
Rust,C,60
Rust,C++,69
Rust,Lua,46
Rust,Elixir,21
Rust,Perl,17
Rust,Smalltalk,15
Rust,C,50
Rust,C#,45
Rust,Common Lisp,21
Rust,Java,55
Rust,C++,44
Rust,Rust,25
Rust,Haskell,15
Rust,Julia,29
Rust,Lua,3
Rust,Dart,18
Rust,Dart,2
Rust,Java,10
Rust,Common Lisp,9
Rust,Python,12
Rust,Objective-C,14
Rust,PHP,24
Rust,Go,22
Rust,CoffeeScript,14
Rust,CoffeeScript,9
Rust,F#,4
Rust,Groovy,9
Rust,Hack,8
Rust,VB.NET,8
Rust,VBA,7
Rust,Visual Basic 6,7
Rust,Erlang,2
Rust,Groovy,2
Rust,Matlab,1
Rust,Julia,1
Rust,PHP,1
Rust,Perl,1
Rust,Scala,1
Linux Desktop,Linux Desktop,2190
Linux Desktop,Android,718
Linux Desktop,iOS,157
Linux Desktop,Linux Desktop,634
Linux Desktop,Arduino,470
Linux Desktop,Serverless,199
Linux Desktop,Amazon Web Services (AWS),1200
Linux Desktop,Mac OS,601
Linux Desktop,Serverless,28
Linux Desktop,iOS,103
Linux Desktop,Raspberry Pi,1011
Linux Desktop,Arduino,43
Linux Desktop,Salesforce,48
Linux Desktop,Microsoft Azure,166
Linux Desktop,Mac OS,67
Linux Desktop,Raspberry Pi,76
Linux Desktop,Mainframe,42
Linux Desktop,WordPress,182
Linux Desktop,Windows Desktop,58
Linux Desktop,Amazon Web Services (AWS),88
Linux Desktop,Microsoft Azure,10
Linux Desktop,Windows Desktop,49
Linux Desktop,SharePoint,17
Linux Desktop,Salesforce,6
Linux Desktop,WordPress,6
Linux Desktop,Windows Phone,9
Linux Desktop,Windows Phone,10
Linux Desktop,SharePoint,3
SQLite,MongoDB,144
SQLite,SQL Server,18
SQLite,PostgreSQL,62
SQLite,SQLite,159
SQLite,SQLite,336
SQLite,Redis,23
SQLite,Oracle,4
SQLite,PostgreSQL,41
SQLite,Redis,25
SQLite,MySQL,59
SQLite,MySQL,56
SQLite,SQL Server,36
SQLite,Cassandra,31
SQLite,MongoDB,24
SQLite,Oracle,20
CoffeeScript,Clojure,40
CoffeeScript,Elixir,73
CoffeeScript,Haskell,55
CoffeeScript,Scala,90
CoffeeScript,Common Lisp,11
CoffeeScript,Clojure,29
CoffeeScript,Erlang,52
CoffeeScript,Go,149
CoffeeScript,JavaScript,323
CoffeeScript,Ruby,253
CoffeeScript,SQL,206
CoffeeScript,Elixir,89
CoffeeScript,Python,9
CoffeeScript,C++,27
CoffeeScript,C#,29
CoffeeScript,R,43
CoffeeScript,VB.NET,3
CoffeeScript,Go,83
CoffeeScript,PHP,91
CoffeeScript,Rust,91
CoffeeScript,Swift,119
CoffeeScript,TypeScript,172
CoffeeScript,JavaScript,95
CoffeeScript,Python,199
CoffeeScript,CoffeeScript,131
CoffeeScript,Java,84
CoffeeScript,Haskell,15
CoffeeScript,Perl,12
CoffeeScript,CoffeeScript,18
CoffeeScript,Objective-C,28
CoffeeScript,C,34
CoffeeScript,C++,19
CoffeeScript,Smalltalk,10
CoffeeScript,Ruby,7
CoffeeScript,C#,10
CoffeeScript,Hack,9
CoffeeScript,Julia,9
CoffeeScript,Lua,27
CoffeeScript,Java,34
CoffeeScript,Groovy,11
CoffeeScript,Dart,7
CoffeeScript,Assembly,15
CoffeeScript,C,10
CoffeeScript,Common Lisp,11
CoffeeScript,F#,9
CoffeeScript,Matlab,7
CoffeeScript,Visual Basic 6,2
CoffeeScript,Swift,4
CoffeeScript,Erlang,5
CoffeeScript,Objective-C,8
CoffeeScript,Dart,10
CoffeeScript,F#,1
CoffeeScript,R,4
CoffeeScript,Scala,4
CoffeeScript,VBA,2
CoffeeScript,Groovy,4
CoffeeScript,PHP,1
CoffeeScript,Lua,2
CoffeeScript,Rust,2
CoffeeScript,Perl,1
CoffeeScript,VBA,1
Clojure,Clojure,37
Clojure,Elixir,41
Clojure,Haskell,49
Clojure,Scala,38
Clojure,Assembly,32
Clojure,Clojure,70
Clojure,Go,52
Clojure,JavaScript,84
Clojure,Rust,43
Clojure,Swift,39
Clojure,TypeScript,33
Clojure,C#,18
Clojure,C,21
Clojure,C++,30
Clojure,Python,76
Clojure,C,32
Clojure,C++,19
Clojure,F#,32
Clojure,Common Lisp,11
Clojure,C#,22
Clojure,Common Lisp,20
Clojure,Julia,19
Clojure,Ruby,35
Clojure,R,23
Clojure,SQL,59
Clojure,Java,46
Clojure,Smalltalk,15
Clojure,JavaScript,3
Clojure,CoffeeScript,14
Clojure,Dart,9
Clojure,Erlang,32
Clojure,Groovy,10
Clojure,Hack,6
Clojure,Lua,18
Clojure,Matlab,7
Clojure,Objective-C,18
Clojure,Perl,17
Clojure,PHP,19
Clojure,VB.NET,8
Clojure,VBA,7
Clojure,Visual Basic 6,7
Clojure,CoffeeScript,12
Clojure,Haskell,3
Clojure,Go,6
Clojure,Julia,1
Clojure,Python,1
Clojure,Elixir,7
Clojure,Dart,1
Clojure,Erlang,1
Clojure,Java,2
Clojure,Ruby,1
Clojure,Matlab,1
Clojure,Groovy,1
Clojure,F#,1
Clojure,TypeScript,1
Elixir,Clojure,10
Elixir,Elixir,79
Elixir,Haskell,43
Elixir,Scala,32
Elixir,Elixir,50
Elixir,JavaScript,99
Elixir,Ruby,64
Elixir,SQL,79
Elixir,TypeScript,44
Elixir,Go,8
Elixir,C,19
Elixir,Swift,43
Elixir,Rust,48
Elixir,C++,24
Elixir,Go,53
Elixir,Erlang,50
Elixir,F#,4
Elixir,C++,22
Elixir,Java,31
Elixir,Clojure,24
Elixir,Lua,26
Elixir,Objective-C,20
Elixir,PHP,38
Elixir,Assembly,27
Elixir,F#,27
Elixir,CoffeeScript,10
Elixir,C#,28
Elixir,Python,64
Elixir,Groovy,14
Elixir,R,24
Elixir,C,18
Elixir,C#,22
Elixir,CoffeeScript,16
Elixir,Common Lisp,12
Elixir,Dart,8
Elixir,Hack,8
Elixir,Julia,14
Elixir,Matlab,12
Elixir,Perl,12
Elixir,Smalltalk,11
Elixir,VB.NET,10
Elixir,VBA,8
Elixir,Visual Basic 6,8
Elixir,Objective-C,1
Elixir,Swift,1
Elixir,Lua,1
Elixir,Python,2
Elixir,Common Lisp,3
Elixir,R,1
Elixir,JavaScript,6
Elixir,Java,3
Elixir,Matlab,1
Elixir,Rust,1
Elixir,Dart,2
Elixir,Groovy,1
Elixir,Haskell,1
Elixir,Scala,1
Erlang,Clojure,15
Erlang,Elixir,45
Erlang,Haskell,46
Erlang,Scala,30
Erlang,Assembly,36
Erlang,C,29
Erlang,C++,40
Erlang,Python,79
Erlang,C++,25
Erlang,C#,30
Erlang,Erlang,86
Erlang,Go,57
Erlang,Java,46
Erlang,Haskell,1
Erlang,Common Lisp,6
Erlang,Clojure,22
Erlang,Swift,41
Erlang,C#,13
Erlang,Dart,10
Erlang,Dart,2
Erlang,F#,3
Erlang,F#,19
Erlang,JavaScript,75
Erlang,Common Lisp,14
Erlang,C,33
Erlang,Ruby,43
Erlang,Rust,48
Erlang,Elixir,36
Erlang,Java,6
Erlang,PHP,28
Erlang,Objective-C,21
Erlang,TypeScript,28
Erlang,Lua,21
Erlang,SQL,65
Erlang,Hack,8
Erlang,Julia,18
Erlang,Matlab,17
Erlang,Perl,15
Erlang,R,24
Erlang,Smalltalk,13
Erlang,Visual Basic 6,11
Erlang,Go,7
Erlang,CoffeeScript,12
Erlang,VB.NET,14
Erlang,VBA,10
Erlang,Groovy,12
Erlang,Erlang,5
Erlang,JavaScript,2
Erlang,Lua,1
Erlang,Scala,1
Erlang,Julia,1
Erlang,Matlab,1
Erlang,CoffeeScript,5
Erlang,Rust,1
Erlang,Ruby,1
Haskell,Clojure,24
Haskell,Elixir,52
Haskell,Haskell,226
Haskell,Scala,93
Haskell,Python,3
Haskell,C,104
Haskell,C++,96
Haskell,C#,78
Haskell,F#,51
Haskell,Python,221
Haskell,TypeScript,71
Haskell,Clojure,55
Haskell,Java,124
Haskell,C#,41
Haskell,Go,93
Haskell,Matlab,34
Haskell,R,60
Haskell,Ruby,77
Haskell,Rust,118
Haskell,SQL,133
Haskell,Swift,70
Haskell,Haskell,50
Haskell,C++,79
Haskell,Assembly,80
Haskell,C,45
Haskell,Common Lisp,33
Haskell,JavaScript,174
Haskell,PHP,64
Haskell,Go,22
Haskell,Smalltalk,20
Haskell,F#,5
Haskell,Perl,28
Haskell,Lua,40
Haskell,Julia,36
Haskell,Rust,5
Haskell,Dart,3
Haskell,Elixir,19
Haskell,VBA,11
Haskell,Erlang,4
Haskell,Objective-C,26
Haskell,Erlang,57
Haskell,JavaScript,5
Haskell,Dart,16
Haskell,CoffeeScript,18
Haskell,CoffeeScript,10
Haskell,Perl,1
Haskell,Groovy,16
Haskell,Common Lisp,13
Haskell,Hack,12
Haskell,VB.NET,15
Haskell,Visual Basic 6,14
Haskell,Java,8
Haskell,Groovy,1
Haskell,Scala,2
Haskell,Julia,2
Haskell,Matlab,1
Haskell,Objective-C,3
Haskell,PHP,2
Haskell,SQL,1
Haskell,Lua,1
Haskell,R,1
JavaScript,Clojure,362
JavaScript,Elixir,486
JavaScript,Haskell,942
JavaScript,Scala,1572
JavaScript,F#,171
JavaScript,Go,2017
JavaScript,JavaScript,960
JavaScript,Ruby,1969
JavaScript,Rust,1289
JavaScript,Swift,2177
JavaScript,Assembly,955
JavaScript,Clojure,363
JavaScript,JavaScript,9075
JavaScript,TypeScript,3918
JavaScript,C#,4471
JavaScript,R,1162
JavaScript,Go,1043
JavaScript,Java,3451
JavaScript,Python,5240
JavaScript,F#,1171
JavaScript,SQL,6353
JavaScript,C++,1893
JavaScript,Lua,593
JavaScript,C#,1690
JavaScript,Groovy,341
JavaScript,CoffeeScript,368
JavaScript,TypeScript,102
JavaScript,Java,1811
JavaScript,Objective-C,879
JavaScript,Erlang,101
JavaScript,Common Lisp,101
JavaScript,Erlang,508
JavaScript,Elixir,390
JavaScript,Dart,103
JavaScript,Python,241
JavaScript,CoffeeScript,320
JavaScript,C,1648
JavaScript,C++,1564
JavaScript,Common Lisp,214
JavaScript,Perl,487
JavaScript,VB.NET,420
JavaScript,PHP,2451
JavaScript,Groovy,204
JavaScript,R,41
JavaScript,C,595
JavaScript,Swift,80
JavaScript,Scala,66
JavaScript,Rust,52
JavaScript,Dart,213
JavaScript,Hack,162
JavaScript,Julia,189
JavaScript,Matlab,386
JavaScript,Smalltalk,164
JavaScript,VBA,200
JavaScript,Visual Basic 6,148
JavaScript,Haskell,169
JavaScript,Hack,26
JavaScript,Objective-C,77
JavaScript,PHP,70
JavaScript,Ruby,60
JavaScript,Julia,12
JavaScript,SQL,13
JavaScript,Lua,18
JavaScript,Perl,19
JavaScript,Matlab,23
JavaScript,Smalltalk,8
JavaScript,VB.NET,4
JavaScript,VBA,1
Redis,Redis,1067
Redis,PostgreSQL,911
Redis,MySQL,638
Redis,PostgreSQL,98
Redis,SQLite,328
Redis,MongoDB,404
Redis,Redis,480
Redis,SQL Server,40
Redis,SQL Server,315
Redis,Cassandra,311
Redis,Oracle,79
Redis,Oracle,3
Redis,MySQL,58
Redis,MongoDB,141
Redis,SQLite,7
PostgreSQL,Redis,924
PostgreSQL,PostgreSQL,2981
PostgreSQL,MongoDB,1528
PostgreSQL,Redis,1048
PostgreSQL,Oracle,31
PostgreSQL,SQLite,1137
PostgreSQL,Cassandra,897
PostgreSQL,MongoDB,423
PostgreSQL,PostgreSQL,578
PostgreSQL,MySQL,1286
PostgreSQL,SQL Server,496
PostgreSQL,MySQL,546
PostgreSQL,SQL Server,399
PostgreSQL,Oracle,489
PostgreSQL,SQLite,29
C#,F#,201
C#,Go,746
C#,C#,4976
C#,R,587
C#,TypeScript,2387
C#,C++,592
C#,C#,648
C#,Haskell,274
C#,JavaScript,362
C#,Python,1866
C#,F#,1168
C#,SQL,3603
C#,JavaScript,4038
C#,Assembly,167
C#,C,86
C#,Matlab,93
C#,Java,251
C#,Objective-C,319
C#,Rust,371
C#,Elixir,183
C#,Java,1282
C#,Scala,412
C#,CoffeeScript,129
C#,C++,257
C#,PHP,780
C#,Erlang,26
C#,R,18
C#,Lua,173
C#,Swift,832
C#,Elixir,99
C#,Erlang,154
C#,Swift,38
C#,Ruby,24
C#,Ruby,604
C#,Rust,11
C#,C,277
C#,Go,221
C#,Dart,69
C#,VBA,113
C#,Clojure,69
C#,Common Lisp,45
C#,CoffeeScript,69
C#,Perl,91
C#,Objective-C,31
C#,Dart,27
C#,Hack,35
C#,Julia,46
C#,VB.NET,269
C#,Clojure,107
C#,Haskell,40
C#,TypeScript,73
C#,Groovy,16
C#,Python,109
C#,Smalltalk,37
C#,Groovy,91
C#,Visual Basic 6,51
C#,Scala,15
C#,Lua,11
C#,Common Lisp,18
C#,PHP,38
C#,SQL,12
C#,Smalltalk,2
C#,Hack,5
C#,Matlab,8
C#,Perl,4
C#,Julia,2
C#,VB.NET,2
AngularJS,Hadoop,471
AngularJS,React,2872
AngularJS,Spark,644
AngularJS,React,639
AngularJS,.NET Core,2103
AngularJS,AngularJS,4631
AngularJS,Hadoop,542
AngularJS,Xamarin,1022
AngularJS,Node.js,1241
AngularJS,Node.js,3195
AngularJS,Firebase,1061
AngularJS,Cordova,1011
AngularJS,.NET Core,232
AngularJS,Spark,79
AngularJS,Firebase,63
AngularJS,Xamarin,145
AngularJS,Cordova,58
Node.js,Hadoop,318
Node.js,React,1858
Node.js,Spark,420
Node.js,Node.js,2294
Node.js,Node.js,863
Node.js,AngularJS,2478
Node.js,React,370
Node.js,Firebase,693
Node.js,.NET Core,1077
Node.js,Cordova,664
Node.js,.NET Core,95
Node.js,Xamarin,514
Node.js,Hadoop,314
Node.js,Firebase,38
Node.js,Cordova,40
Node.js,Xamarin,66
Node.js,Spark,35
.NET Core,Hadoop,184
.NET Core,React,840
.NET Core,Spark,199
.NET Core,AngularJS,1425
.NET Core,Hadoop,209
.NET Core,React,195
.NET Core,.NET Core,1886
.NET Core,Cordova,327
.NET Core,Xamarin,744
.NET Core,Node.js,991
.NET Core,Firebase,322
.NET Core,.NET Core,252
.NET Core,Xamarin,252
.NET Core,Node.js,599
.NET Core,Firebase,38
.NET Core,Spark,25
.NET Core,Cordova,27
SQL Server,Cassandra,593
SQL Server,Redis,549
SQL Server,SQL Server,3528
SQL Server,MongoDB,1844
SQL Server,Redis,392
SQL Server,SQL Server,1447
SQL Server,SQLite,1525
SQL Server,Oracle,898
SQL Server,Oracle,80
SQL Server,MongoDB,376
SQL Server,PostgreSQL,1176
SQL Server,MySQL,1750
SQL Server,MySQL,348
SQL Server,PostgreSQL,253
SQL Server,SQLite,75
Android,Serverless,44
Android,Amazon Web Services (AWS),2239
Android,Microsoft Azure,957
Android,Android,5056
Android,iOS,2257
Android,Windows Phone,470
Android,Windows Desktop,1795
Android,Raspberry Pi,2192
Android,Serverless,364
Android,Salesforce,160
Android,Linux Desktop,1979
Android,Amazon Web Services (AWS),178
Android,Windows Phone,62
Android,Linux Desktop,333
Android,Mac OS,1456
Android,Arduino,1450
Android,WordPress,739
Android,SharePoint,176
Android,Raspberry Pi,169
Android,Salesforce,15
Android,Microsoft Azure,34
Android,Windows Desktop,283
Android,iOS,545
Android,Arduino,147
Android,Mac OS,62
Android,Mainframe,119
Android,WordPress,31
Android,Mainframe,8
Android,SharePoint,9
Microsoft Azure,Serverless,73
Microsoft Azure,Amazon Web Services (AWS),898
Microsoft Azure,Microsoft Azure,1489
Microsoft Azure,Windows Phone,109
Microsoft Azure,Windows Desktop,533
Microsoft Azure,WordPress,32
Microsoft Azure,Android,899
Microsoft Azure,iOS,469
Microsoft Azure,Microsoft Azure,113
Microsoft Azure,Windows Phone,150
Microsoft Azure,Raspberry Pi,648
Microsoft Azure,Serverless,220
Microsoft Azure,Salesforce,71
Microsoft Azure,Raspberry Pi,106
Microsoft Azure,Linux Desktop,420
Microsoft Azure,Windows Desktop,361
Microsoft Azure,Arduino,59
Microsoft Azure,Mac OS,366
Microsoft Azure,SharePoint,25
Microsoft Azure,iOS,201
Microsoft Azure,Amazon Web Services (AWS),138
Microsoft Azure,Arduino,347
Microsoft Azure,SharePoint,132
Microsoft Azure,WordPress,191
Microsoft Azure,Linux Desktop,177
Microsoft Azure,Salesforce,12
Microsoft Azure,Mac OS,44
Microsoft Azure,Mainframe,32
Microsoft Azure,Mainframe,2
Objective-C,C#,19
Objective-C,Java,17
Objective-C,Objective-C,56
Objective-C,Swift,156
Objective-C,JavaScript,17
Objective-C,Elixir,5
Objective-C,C++,26
Objective-C,Haskell,8
Objective-C,Rust,15
Objective-C,Objective-C,59
Objective-C,Python,33
Objective-C,Ruby,7
Objective-C,Swift,70
Objective-C,C,14
Objective-C,C++,12
Objective-C,SQL,13
Objective-C,Go,13
Objective-C,JavaScript,30
Objective-C,Julia,1
Objective-C,Java,20
Objective-C,Ruby,28
Objective-C,Common Lisp,3
Objective-C,Scala,1
Objective-C,Haskell,7
Objective-C,Smalltalk,2
Objective-C,R,6
Objective-C,PHP,11
Objective-C,Erlang,2
Objective-C,Python,7
Objective-C,Clojure,1
Objective-C,Scala,9
Objective-C,C#,6
Objective-C,Hack,2
Objective-C,VB.NET,1
Objective-C,Lua,1
Objective-C,Assembly,5
Objective-C,C,2
Objective-C,R,3
Objective-C,Perl,4
Objective-C,PHP,2
Objective-C,Rust,1
Objective-C,TypeScript,4
Objective-C,Dart,2
Objective-C,Go,4
Objective-C,SQL,1
Objective-C,Clojure,2
Objective-C,Elixir,3
Objective-C,CoffeeScript,1
Objective-C,TypeScript,1
Objective-C,F#,1
Objective-C,Visual Basic 6,1
Objective-C,Lua,2
Objective-C,Common Lisp,1
Objective-C,Perl,1
Swift,C#,312
Swift,Java,439
Swift,Objective-C,375
Swift,Swift,1334
Swift,Assembly,147
Swift,Clojure,62
Swift,Go,293
Swift,JavaScript,751
Swift,Rust,189
Swift,TypeScript,284
Swift,Go,146
Swift,R,128
Swift,C,245
Swift,Haskell,147
Swift,Ruby,301
Swift,VB.NET,50
Swift,C++,229
Swift,C#,184
Swift,F#,76
Swift,Lua,79
Swift,Elixir,76
Swift,JavaScript,182
Swift,Scala,9
Swift,Elixir,69
Swift,C,80
Swift,Python,651
Swift,SQL,530
Swift,C++,247
Swift,PHP,293
Swift,CoffeeScript,48
Swift,Java,211
Swift,Scala,167
Swift,R,9
Swift,Swift,123
Swift,Objective-C,77
Swift,CoffeeScript,42
Swift,Ruby,20
Swift,Perl,50
Swift,Common Lisp,15
Swift,Matlab,64
Swift,F#,12
Swift,Hack,31
Swift,Clojure,33
Swift,Erlang,66
Swift,Dart,22
Swift,Dart,37
Swift,Haskell,33
Swift,Visual Basic 6,29
Swift,Groovy,14
Swift,Rust,7
Swift,Julia,4
Swift,Python,51
Swift,Erlang,13
Swift,Smalltalk,35
Swift,Groovy,58
Swift,Common Lisp,27
Swift,Julia,31
Swift,VBA,24
Swift,TypeScript,7
Swift,PHP,8
Swift,Smalltalk,3
Swift,Matlab,6
Swift,Lua,4
Swift,SQL,2
Swift,Visual Basic 6,2
Swift,Perl,2
Swift,Hack,3
PostgreSQL,Oracle,15
PostgreSQL,SQLite,237
PostgreSQL,PostgreSQL,740
PostgreSQL,Redis,143
PostgreSQL,PostgreSQL,449
PostgreSQL,MongoDB,283
PostgreSQL,Cassandra,179
PostgreSQL,MongoDB,74
PostgreSQL,Redis,142
PostgreSQL,Oracle,90
PostgreSQL,MySQL,23
PostgreSQL,SQL Server,31
PostgreSQL,SQLite,22
PostgreSQL,MySQL,51
PostgreSQL,SQL Server,19
R,C#,3
R,R,75
R,SQL,56
R,Java,5
R,Python,44
R,R,37
R,VBA,8
R,Go,6
R,Java,6
R,JavaScript,10
R,Julia,2
R,Python,40
R,Ruby,6
R,Scala,12
R,Assembly,2
R,C++,2
R,C,3
R,JavaScript,13
R,C++,14
R,Clojure,2
R,Haskell,2
R,Lua,1
R,Matlab,2
R,C#,2
R,VB.NET,2
R,PHP,2
R,Swift,6
R,Go,2
R,Rust,1
R,Julia,7
R,CoffeeScript,1
R,Haskell,2
R,Perl,1
R,PHP,4
R,F#,1
R,Visual Basic 6,2
C,Assembly,567
C,Clojure,135
C,Go,759
C,JavaScript,1735
C,Rust,559
C,Swift,728
C,TypeScript,471
C,C++,695
C,Lua,287
C,R,438
C,Erlang,26
C,F#,181
C,SQL,1451
C,Java,1297
C,Python,2265
C,JavaScript,186
C,C,1934
C,Haskell,435
C,Objective-C,404
C,Ruby,589
C,Clojure,48
C,C#,401
C,Common Lisp,142
C,C++,1514
C,Perl,279
C,C#,925
C,Rust,37
C,C,329
C,CoffeeScript,95
C,Elixir,114
C,PHP,777
C,Scala,404
C,Dart,61
C,Erlang,165
C,Groovy,95
C,Hack,61
C,Julia,115
C,Matlab,270
C,Smalltalk,79
C,VB.NET,124
C,VBA,80
C,Visual Basic 6,72
C,Java,327
C,Common Lisp,38
C,Go,225
C,Lua,15
C,R,10
C,Swift,34
C,Python,98
C,Objective-C,34
C,PHP,35
C,Groovy,16
C,Haskell,61
C,Julia,12
C,F#,25
C,CoffeeScript,57
C,Scala,18
C,Elixir,38
C,Dart,26
C,Perl,9
C,Hack,7
C,Smalltalk,8
C,TypeScript,5
C,Ruby,13
C,SQL,8
C,Visual Basic 6,1
C,Matlab,13
C,VB.NET,2
C++,Assembly,778
C++,C,521
C++,C++,1705
C++,Python,1915
C++,C++,695
C++,Lua,320
C++,R,387
C++,Groovy,101
C++,Java,1110
C++,Perl,262
C++,Erlang,22
C++,F#,183
C++,SQL,1207
C++,Swift,596
C++,Dart,22
C++,JavaScript,1469
C++,C,1322
C++,Common Lisp,143
C++,Clojure,138
C++,C#,892
C++,Haskell,412
C++,Rust,30
C++,CoffeeScript,107
C++,Dart,85
C++,Elixir,128
C++,Erlang,162
C++,Go,699
C++,Hack,81
C++,Julia,119
C++,Matlab,290
C++,Objective-C,359
C++,Ruby,525
C++,Rust,530
C++,Scala,346
C++,Smalltalk,82
C++,TypeScript,386
C++,VB.NET,135
C++,VBA,82
C++,Visual Basic 6,94
C++,C#,311
C++,JavaScript,116
C++,Java,229
C++,Clojure,34
C++,Lua,11
C++,Go,164
C++,R,6
C++,PHP,700
C++,PHP,27
C++,Common Lisp,34
C++,F#,25
C++,Scala,11
C++,Objective-C,34
C++,SQL,7
C++,Swift,25
C++,Elixir,19
C++,Haskell,36
C++,CoffeeScript,47
C++,Python,54
C++,Hack,5
C++,TypeScript,4
C++,Groovy,17
C++,Julia,10
C++,Smalltalk,3
C++,Perl,5
C++,Ruby,11
C++,Matlab,17
C++,VB.NET,2
Java,C++,1331
Java,C#,1139
Java,Haskell,607
Java,C#,1564
Java,JavaScript,3387
Java,F#,395
Java,SQL,2813
Java,F#,52
Java,Go,1176
Java,TypeScript,1213
Java,Assembly,754
Java,C++,1218
Java,Groovy,352
Java,Java,3268
Java,Perl,349
Java,Python,3095
Java,Scala,1004
Java,Erlang,59
Java,R,657
Java,Swift,1253
Java,Dart,61
Java,Clojure,203
Java,Matlab,315
Java,C,1209
Java,Clojure,241
Java,Python,117
Java,Elixir,222
Java,C,464
Java,CoffeeScript,162
Java,PHP,1297
Java,Ruby,1002
Java,Rust,742
Java,Objective-C,53
Java,CoffeeScript,150
Java,Objective-C,595
Java,Ruby,27
Java,JavaScript,270
Java,Common Lisp,166
Java,Dart,135
Java,Erlang,269
Java,Hack,124
Java,Julia,137
Java,Lua,373
Java,Smalltalk,100
Java,VB.NET,256
Java,VBA,131
Java,Visual Basic 6,117
Java,Go,515
Java,Elixir,115
Java,Rust,29
Java,Java,722
Java,Haskell,92
Java,Groovy,204
Java,R,18
Java,Swift,37
Java,Common Lisp,49
Java,Scala,38
Java,SQL,9
Java,Lua,13
Java,Matlab,20
Java,Hack,14
Java,TypeScript,18
Java,PHP,36
Java,Julia,8
Java,Smalltalk,3
Java,Perl,10
Java,Visual Basic 6,1
Java,VB.NET,3
Assembly,Assembly,590
Assembly,C,446
Assembly,C++,539
Assembly,Python,742
Assembly,C++,216
Assembly,Elixir,67
Assembly,Groovy,52
Assembly,Java,450
Assembly,Perl,121
Assembly,Dart,6
Assembly,SQL,507
Assembly,C,259
Assembly,JavaScript,594
Assembly,C#,323
Assembly,Erlang,77
Assembly,Go,275
Assembly,Lua,156
Assembly,Rust,244
Assembly,Matlab,125
Assembly,Haskell,192
Assembly,Go,56
Assembly,Hack,44
Assembly,Swift,214
Assembly,F#,84
Assembly,PHP,318
Assembly,TypeScript,144
Assembly,VB.NET,77
Assembly,VBA,44
Assembly,Visual Basic 6,52
Assembly,Erlang,12
Assembly,Objective-C,126
Assembly,Common Lisp,74
Assembly,C#,130
Assembly,CoffeeScript,48
Assembly,Ruby,229
Assembly,Haskell,14
Assembly,Common Lisp,15
Assembly,Java,84
Assembly,Clojure,66
Assembly,JavaScript,44
Assembly,Scala,140
Assembly,Rust,12
Assembly,SQL,4
Assembly,R,143
Assembly,Objective-C,17
Assembly,PHP,7
Assembly,Clojure,11
Assembly,Dart,45
Assembly,TypeScript,2
Assembly,Python,19
Assembly,CoffeeScript,22
Assembly,Julia,42
Assembly,Smalltalk,51
Assembly,Julia,5
Assembly,Smalltalk,4
Assembly,Perl,3
Assembly,Elixir,11
Assembly,Lua,4
Assembly,Groovy,7
Assembly,VB.NET,2
Assembly,Hack,3
Assembly,Matlab,6
Assembly,Swift,6
Assembly,Ruby,5
Assembly,Scala,3
Assembly,F#,9
Assembly,R,3
C,Assembly,491
C,C,422
C,C++,463
C,Python,595
C,C++,153
C,Elixir,55
C,Dart,5
C,Perl,98
C,SQL,366
C,C,221
C,JavaScript,442
C,C#,247
C,Erlang,63
C,Go,232
C,Lua,132
C,Rust,221
C,Java,336
C,Haskell,171
C,Matlab,103
C,Go,43
C,Groovy,40
C,Hack,34
C,Swift,169
C,Erlang,10
C,Objective-C,96
C,PHP,236
C,TypeScript,115
C,Common Lisp,65
C,F#,65
C,VB.NET,49
C,C#,79
C,CoffeeScript,39
C,Ruby,178
C,Haskell,12
C,Common Lisp,12
C,Clojure,55
C,JavaScript,33
C,Rust,9
C,SQL,4
C,Java,52
C,R,118
C,Objective-C,14
C,Scala,116
C,PHP,5
C,Clojure,8
C,Dart,35
C,TypeScript,2
C,Python,13
C,Visual Basic 6,38
C,CoffeeScript,16
C,Julia,37
C,Smalltalk,40
C,VBA,38
C,Julia,5
C,Smalltalk,2
C,Perl,2
C,Elixir,10
C,Lua,4
C,Groovy,6
C,Hack,3
C,Matlab,6
C,Scala,3
C,Ruby,4
C,F#,8
C,VB.NET,1
C,R,3
C,Swift,3
Mac OS,Mac OS,555
Mac OS,Arduino,12
Mac OS,Serverless,116
Mac OS,Amazon Web Services (AWS),526
Mac OS,WordPress,71
Mac OS,Raspberry Pi,22
Mac OS,Linux Desktop,96
Mac OS,iOS,91
Mac OS,Mac OS,209
Mac OS,Android,122
Mac OS,iOS,67
Mac OS,Salesforce,13
Mac OS,Arduino,98
Mac OS,SharePoint,1
Mac OS,Raspberry Pi,198
Mac OS,Serverless,11
Mac OS,Amazon Web Services (AWS),40
Mac OS,Microsoft Azure,48
Mac OS,Microsoft Azure,2
Mac OS,WordPress,6
Mac OS,Windows Desktop,9
Mac OS,Linux Desktop,30
Mac OS,Windows Desktop,11
Mac OS,Mainframe,1
Mac OS,Mainframe,8
Mac OS,Salesforce,3
Mac OS,Windows Phone,3
Mac OS,Windows Phone,3
Mac OS,SharePoint,3
VB.NET,C#,917
VB.NET,F#,223
VB.NET,JavaScript,1013
VB.NET,R,176
VB.NET,VB.NET,502
VB.NET,CoffeeScript,77
VB.NET,Go,168
VB.NET,Python,582
VB.NET,TypeScript,387
VB.NET,Java,459
VB.NET,C,176
VB.NET,C++,233
VB.NET,C#,337
VB.NET,Lua,87
VB.NET,F#,37
VB.NET,Scala,113
VB.NET,Assembly,149
VB.NET,PHP,385
VB.NET,SQL,1053
VB.NET,C++,203
VB.NET,Perl,100
VB.NET,SQL,21
VB.NET,VBA,129
VB.NET,Visual Basic 6,93
VB.NET,Elixir,42
VB.NET,Ruby,245
VB.NET,Swift,240
VB.NET,Objective-C,176
VB.NET,Java,112
VB.NET,Rust,87
VB.NET,Go,50
VB.NET,JavaScript,71
VB.NET,C,86
VB.NET,Common Lisp,37
VB.NET,Haskell,89
VB.NET,Python,27
VB.NET,Matlab,68
VB.NET,Clojure,45
VB.NET,Dart,35
VB.NET,Groovy,40
VB.NET,CoffeeScript,21
VB.NET,Haskell,6
VB.NET,Julia,36
VB.NET,Hack,4
VB.NET,Dart,6
VB.NET,Erlang,44
VB.NET,Objective-C,20
VB.NET,TypeScript,11
VB.NET,Ruby,5
VB.NET,Scala,5
VB.NET,Hack,30
VB.NET,Smalltalk,24
VB.NET,Clojure,9
VB.NET,Swift,9
VB.NET,Smalltalk,1
VB.NET,Matlab,4
VB.NET,Erlang,7
VB.NET,Common Lisp,5
VB.NET,Perl,4
VB.NET,Groovy,4
VB.NET,PHP,14
VB.NET,Elixir,9
VB.NET,R,4
VB.NET,Rust,1
VB.NET,Visual Basic 6,1
VB.NET,VB.NET,2
VB.NET,Lua,2
React,AngularJS,770
React,Node.js,1190
React,React,1783
React,Spark,187
React,Xamarin,195
React,.NET Core,488
React,Node.js,689
React,Cordova,226
React,Firebase,406
React,Hadoop,179
React,React,239
React,Spark,31
React,Hadoop,113
React,Xamarin,34
React,.NET Core,34
React,Firebase,30
React,Cordova,22
Cordova,React,125
Cordova,Hadoop,106
Cordova,AngularJS,928
Cordova,Node.js,715
Cordova,Cordova,724
Cordova,Firebase,365
Cordova,.NET Core,407
Cordova,Hadoop,126
Cordova,React,669
Cordova,Spark,134
Cordova,Node.js,345
Cordova,Xamarin,263
Cordova,Cordova,30
Cordova,Xamarin,34
Cordova,.NET Core,30
Cordova,Spark,11
Cordova,Firebase,11
Matlab,Assembly,163
Matlab,Clojure,38
Matlab,Go,202
Matlab,JavaScript,488
Matlab,Rust,105
Matlab,Swift,184
Matlab,TypeScript,147
Matlab,JavaScript,55
Matlab,Python,729
Matlab,R,229
Matlab,Erlang,10
Matlab,F#,62
Matlab,SQL,399
Matlab,R,8
Matlab,Dart,7
Matlab,Groovy,42
Matlab,Java,377
Matlab,C++,283
Matlab,C#,212
Matlab,Matlab,370
Matlab,Java,103
Matlab,Julia,71
Matlab,C,290
Matlab,C++,308
Matlab,Haskell,115
Matlab,C,115
Matlab,C#,142
Matlab,Lua,71
Matlab,Perl,65
Matlab,PHP,213
Matlab,Scala,149
Matlab,Matlab,15
Matlab,Haskell,19
Matlab,Groovy,8
Matlab,Common Lisp,9
Matlab,Clojure,21
Matlab,Erlang,53
Matlab,Ruby,167
Matlab,F#,13
Matlab,Hack,25
Matlab,Go,61
Matlab,Objective-C,79
Matlab,PHP,5
Matlab,VBA,36
Matlab,Objective-C,6
Matlab,Elixir,37
Matlab,Dart,24
Matlab,Python,30
Matlab,Julia,11
Matlab,Common Lisp,35
Matlab,CoffeeScript,41
Matlab,Smalltalk,30
Matlab,VB.NET,43
Matlab,Visual Basic 6,29
Matlab,Rust,3
Matlab,CoffeeScript,18
Matlab,Swift,4
Matlab,Lua,5
Matlab,Elixir,11
Matlab,TypeScript,4
Matlab,Ruby,4
Matlab,Hack,3
Matlab,Perl,1
Matlab,Scala,1
Oracle,MongoDB,1012
Oracle,SQL Server,497
Oracle,Oracle,1293
Oracle,SQLite,778
Oracle,Redis,198
Oracle,Oracle,79
Oracle,Cassandra,610
Oracle,MongoDB,395
Oracle,PostgreSQL,209
Oracle,MySQL,401
Oracle,PostgreSQL,826
Oracle,SQL Server,614
Oracle,Redis,439
Oracle,MySQL,906
Oracle,SQLite,23
Perl,Perl,32
Perl,Python,41
Perl,Common Lisp,3
Perl,Lua,3
Perl,Perl,35
Perl,SQL,31
Perl,Go,21
Perl,R,10
Perl,VBA,3
Perl,Elixir,1
Perl,JavaScript,14
Perl,Ruby,14
Perl,Python,12
Perl,C,15
Perl,C++,6
Perl,C#,5
Perl,Java,5
Perl,Go,7
Perl,Haskell,8
Perl,Rust,8
Perl,C++,6
Perl,JavaScript,8
Perl,Smalltalk,3
Perl,Swift,7
Perl,Clojure,2
Perl,Scala,3
Perl,PHP,3
Perl,Assembly,5
Perl,C,5
Perl,PHP,11
Perl,Matlab,2
Perl,Erlang,5
Perl,Ruby,1
Perl,Java,6
Perl,Dart,1
Perl,Scala,1
Perl,Erlang,1
Perl,Julia,1
Perl,Haskell,1
Perl,C#,2
Perl,SQL,1
Perl,Elixir,1
Perl,TypeScript,1
Windows Phone,Windows Phone,132
Windows Phone,Windows Desktop,168
Windows Phone,Microsoft Azure,148
Windows Phone,Android,117
Windows Phone,iOS,64
Windows Phone,Raspberry Pi,99
Windows Phone,Amazon Web Services (AWS),83
Windows Phone,Arduino,4
Windows Phone,Serverless,15
Windows Phone,Windows Desktop,43
Windows Phone,Linux Desktop,66
Windows Phone,Mac OS,37
Windows Phone,Arduino,60
Windows Phone,SharePoint,19
Windows Phone,Windows Phone,50
Windows Phone,Linux Desktop,20
Windows Phone,Microsoft Azure,12
Windows Phone,WordPress,31
Windows Phone,Salesforce,1
Windows Phone,Amazon Web Services (AWS),7
Windows Phone,Mac OS,4
Windows Phone,iOS,14
Windows Phone,Salesforce,8
Windows Phone,WordPress,3
Windows Phone,Raspberry Pi,4
Windows Phone,Serverless,2
Windows Phone,Mainframe,1
Windows Phone,SharePoint,2
Windows Phone,Mainframe,3
Windows Desktop,Windows Phone,153
Windows Desktop,Windows Desktop,1922
Windows Desktop,Microsoft Azure,715
Windows Desktop,Android,2137
Windows Desktop,iOS,968
Windows Desktop,Windows Phone,383
Windows Desktop,Raspberry Pi,1138
Windows Desktop,Serverless,164
Windows Desktop,Linux Desktop,1230
Windows Desktop,Amazon Web Services (AWS),919
Windows Desktop,Arduino,52
Windows Desktop,Mac OS,894
Windows Desktop,Linux Desktop,132
Windows Desktop,iOS,385
Windows Desktop,Windows Desktop,322
Windows Desktop,Arduino,717
Windows Desktop,SharePoint,138
Windows Desktop,WordPress,407
Windows Desktop,Salesforce,5
Windows Desktop,Microsoft Azure,28
Windows Desktop,Mainframe,74
Windows Desktop,Raspberry Pi,48
Windows Desktop,Salesforce,91
Windows Desktop,Amazon Web Services (AWS),52
Windows Desktop,Serverless,2
Windows Desktop,Mac OS,30
Windows Desktop,SharePoint,6
Windows Desktop,WordPress,14
Windows Desktop,Mainframe,2
Raspberry Pi,Windows Phone,53
Raspberry Pi,Windows Desktop,692
Raspberry Pi,Microsoft Azure,470
Raspberry Pi,Linux Desktop,664
Raspberry Pi,Raspberry Pi,2593
Raspberry Pi,Android,1649
Raspberry Pi,Linux Desktop,1222
Raspberry Pi,Amazon Web Services (AWS),1317
Raspberry Pi,iOS,623
Raspberry Pi,Mac OS,830
Raspberry Pi,Arduino,1187
Raspberry Pi,Windows Desktop,388
Raspberry Pi,Serverless,248
Raspberry Pi,Raspberry Pi,86
Raspberry Pi,iOS,354
Raspberry Pi,WordPress,327
Raspberry Pi,Arduino,135
Raspberry Pi,Serverless,19
Raspberry Pi,Amazon Web Services (AWS),73
Raspberry Pi,Mac OS,104
Raspberry Pi,Salesforce,70
Raspberry Pi,Salesforce,6
Raspberry Pi,SharePoint,74
Raspberry Pi,Windows Phone,134
Raspberry Pi,Mainframe,64
Raspberry Pi,Microsoft Azure,12
Raspberry Pi,WordPress,8
Raspberry Pi,Mainframe,2
Raspberry Pi,SharePoint,5
Hadoop,Spark,65
Hadoop,Hadoop,339
Hadoop,Node.js,137
Hadoop,Xamarin,8
Hadoop,.NET Core,72
Hadoop,React,105
Hadoop,Spark,299
Hadoop,React,20
Hadoop,.NET Core,8
Hadoop,Xamarin,33
Hadoop,Node.js,32
Hadoop,AngularJS,126
Hadoop,Cordova,31
Hadoop,Firebase,37
Hadoop,Hadoop,58
Hadoop,Firebase,3
Hadoop,Cordova,2
Spark,Spark,70
Spark,Node.js,66
Spark,React,137
Spark,Spark,371
Spark,Xamarin,42
Spark,.NET Core,82
Spark,React,42
Spark,.NET Core,4
Spark,Hadoop,224
Spark,Node.js,146
Spark,AngularJS,178
Spark,Hadoop,76
Spark,Firebase,68
Spark,Xamarin,6
Spark,Cordova,41
Spark,Firebase,4
Spark,Cordova,4
Cassandra,MongoDB,94
Cassandra,Redis,223
Cassandra,PostgreSQL,268
Cassandra,Cassandra,452
Cassandra,MySQL,212
Cassandra,Oracle,71
Cassandra,SQL Server,115
Cassandra,SQLite,112
Cassandra,SQL Server,20
Cassandra,Redis,72
Cassandra,MongoDB,144
Cassandra,PostgreSQL,31
Cassandra,MySQL,28
Cassandra,Oracle,7
Cassandra,SQLite,4
PHP,Hack,1
PHP,JavaScript,59
PHP,PHP,102
PHP,SQL,112
PHP,Swift,31
PHP,PHP,127
PHP,C#,36
PHP,Go,24
PHP,Python,117
PHP,JavaScript,84
PHP,Dart,2
PHP,Ruby,44
PHP,C++,20
PHP,C#,21
PHP,Scala,17
PHP,VB.NET,8
PHP,Go,32
PHP,Java,35
PHP,Python,40
PHP,Java,47
PHP,TypeScript,18
PHP,Objective-C,14
PHP,Elixir,7
PHP,Rust,10
PHP,Ruby,7
PHP,CoffeeScript,6
PHP,Clojure,2
PHP,Haskell,7
PHP,Swift,4
PHP,Groovy,1
PHP,Perl,8
PHP,SQL,3
PHP,Erlang,3
PHP,F#,1
PHP,Assembly,9
PHP,Scala,1
PHP,R,4
PHP,C,30
PHP,C++,20
PHP,Elixir,2
PHP,Hack,6
PHP,Lua,5
PHP,Smalltalk,2
PHP,Common Lisp,1
PHP,Objective-C,3
PHP,R,8
PHP,Clojure,1
PHP,C,4
PHP,Matlab,2
PHP,Haskell,1
PHP,Common Lisp,2
PHP,Visual Basic 6,2
PHP,VBA,4
PHP,CoffeeScript,2
PHP,Dart,1
PHP,F#,1
PHP,Groovy,1
PHP,Visual Basic 6,2
PHP,Lua,1
WordPress,Windows Desktop,279
WordPress,Amazon Web Services (AWS),1233
WordPress,WordPress,65
WordPress,Linux Desktop,384
WordPress,Mac OS,740
WordPress,Android,1449
WordPress,iOS,721
WordPress,Microsoft Azure,480
WordPress,Linux Desktop,799
WordPress,Serverless,196
WordPress,WordPress,1134
WordPress,Windows Phone,180
WordPress,Salesforce,114
WordPress,Raspberry Pi,992
WordPress,iOS,328
WordPress,Arduino,615
WordPress,Windows Desktop,564
WordPress,Windows Phone,37
WordPress,Amazon Web Services (AWS),100
WordPress,Raspberry Pi,102
WordPress,Arduino,81
WordPress,Serverless,22
WordPress,Mac OS,132
WordPress,SharePoint,127
WordPress,Mainframe,69
WordPress,Salesforce,15
WordPress,Microsoft Azure,10
WordPress,SharePoint,19
WordPress,Mainframe,4
Scala,JavaScript,63
Scala,Scala,700
Scala,Haskell,59
Scala,Rust,193
Scala,Java,150
Scala,Assembly,66
Scala,C#,121
Scala,Java,297
Scala,JavaScript,369
Scala,Python,399
Scala,R,132
Scala,SQL,354
Scala,TypeScript,184
Scala,Elixir,50
Scala,Erlang,67
Scala,Scala,45
Scala,Go,135
Scala,Groovy,41
Scala,C++,102
Scala,Rust,13
Scala,Objective-C,42
Scala,Swift,127
Scala,Hack,8
Scala,Haskell,162
Scala,Matlab,30
Scala,Clojure,82
Scala,Elixir,72
Scala,C,104
Scala,Lua,35
Scala,PHP,60
Scala,C,39
Scala,F#,76
Scala,Go,171
Scala,Julia,44
Scala,Ruby,133
Scala,Perl,36
Scala,Groovy,25
Scala,Erlang,20
Scala,Common Lisp,25
Scala,Dart,17
Scala,C++,91
Scala,Python,42
Scala,Ruby,8
Scala,Objective-C,6
Scala,Dart,18
Scala,C#,67
Scala,R,9
Scala,F#,11
Scala,Common Lisp,10
Scala,Clojure,54
Scala,Smalltalk,17
Scala,CoffeeScript,18
Scala,TypeScript,2
Scala,Julia,5
Scala,CoffeeScript,21
Scala,VB.NET,11
Scala,VBA,11
Scala,Visual Basic 6,10
Scala,PHP,7
Scala,Hack,2
Scala,Perl,1
Scala,Lua,1
Scala,Matlab,1
Scala,Swift,1
Scala,SQL,1
Spark,AngularJS,27
Spark,Spark,50
Spark,Spark,82
Spark,.NET Core,16
Spark,Node.js,11
Spark,React,22
Spark,Xamarin,5
Spark,Hadoop,31
Spark,React,10
Spark,.NET Core,2
Spark,Cordova,8
Spark,Node.js,19
Spark,Firebase,9
Spark,Hadoop,11
Spark,Firebase,2
Objective-C,Go,109
Objective-C,Java,405
Objective-C,JavaScript,693
Objective-C,R,132
Objective-C,Swift,954
Objective-C,C++,249
Objective-C,C#,231
Objective-C,Python,568
Objective-C,C,293
Objective-C,Go,276
Objective-C,Haskell,117
Objective-C,Objective-C,580
Objective-C,Ruby,284
Objective-C,Rust,151
Objective-C,C#,288
Objective-C,VB.NET,58
Objective-C,Dart,15
Objective-C,Groovy,60
Objective-C,SQL,555
Objective-C,Assembly,166
Objective-C,C++,288
Objective-C,F#,80
Objective-C,Lua,92
Objective-C,Objective-C,54
Objective-C,Python,28
Objective-C,PHP,311
Objective-C,Java,186
Objective-C,Scala,144
Objective-C,R,5
Objective-C,Elixir,47
Objective-C,TypeScript,292
Objective-C,C,97
Objective-C,VBA,29
Objective-C,JavaScript,140
Objective-C,Perl,77
Objective-C,Common Lisp,11
Objective-C,Dart,41
Objective-C,Elixir,72
Objective-C,CoffeeScript,44
Objective-C,Clojure,58
Objective-C,Rust,10
Objective-C,Matlab,61
Objective-C,CoffeeScript,45
Objective-C,Hack,34
Objective-C,Erlang,66
Objective-C,Swift,59
Objective-C,TypeScript,2
Objective-C,Clojure,18
Objective-C,Erlang,16
Objective-C,Visual Basic 6,28
Objective-C,Common Lisp,35
Objective-C,Julia,35
Objective-C,Smalltalk,47
Objective-C,Julia,4
Objective-C,Scala,8
Objective-C,Groovy,11
Objective-C,F#,12
Objective-C,Smalltalk,2
Objective-C,Ruby,12
Objective-C,Haskell,17
Objective-C,PHP,6
Objective-C,Lua,5
Objective-C,Hack,3
Objective-C,Perl,5
Objective-C,SQL,3
Objective-C,Matlab,3
Node.js,AngularJS,922
Node.js,React,199
Node.js,.NET Core,741
Node.js,.NET Core,117
Node.js,Node.js,2013
Node.js,React,1543
Node.js,Spark,208
Node.js,Xamarin,304
Node.js,Node.js,741
Node.js,Firebase,434
Node.js,Hadoop,192
Node.js,Cordova,274
Node.js,Hadoop,122
Node.js,Xamarin,66
Node.js,Cordova,31
Node.js,Firebase,35
Node.js,Spark,22
Arduino,Arduino,55
Arduino,Serverless,135
Arduino,Amazon Web Services (AWS),772
Arduino,Linux Desktop,333
Arduino,Raspberry Pi,1247
Arduino,Android,1153
Arduino,iOS,449
Arduino,Mac OS,534
Arduino,Arduino,1428
Arduino,Windows Desktop,219
Arduino,Mainframe,61
Arduino,Linux Desktop,783
Arduino,Microsoft Azure,292
Arduino,Windows Desktop,547
Arduino,Mac OS,47
Arduino,Salesforce,64
Arduino,SharePoint,67
Arduino,iOS,214
Arduino,Raspberry Pi,50
Arduino,Windows Phone,44
Arduino,WordPress,205
Arduino,Amazon Web Services (AWS),33
Arduino,Windows Phone,125
Arduino,Microsoft Azure,5
Arduino,WordPress,7
Arduino,Serverless,9
Arduino,Mainframe,1
Arduino,Salesforce,2
Arduino,SharePoint,3
Serverless,Arduino,10
Serverless,Serverless,259
Serverless,Amazon Web Services (AWS),247
Serverless,Linux Desktop,58
Serverless,Mac OS,106
Serverless,Serverless,26
Serverless,Microsoft Azure,104
Serverless,Raspberry Pi,127
Serverless,Android,140
Serverless,iOS,34
Serverless,Linux Desktop,72
Serverless,iOS,79
Serverless,Windows Desktop,51
Serverless,Arduino,66
Serverless,WordPress,30
Serverless,Raspberry Pi,24
Serverless,Mac OS,40
Serverless,Windows Desktop,23
Serverless,Salesforce,16
Serverless,Windows Phone,4
Serverless,SharePoint,12
Serverless,Windows Phone,13
Serverless,Amazon Web Services (AWS),9
Serverless,Mainframe,12
Serverless,Microsoft Azure,3
Serverless,Salesforce,1
Firebase,AngularJS,529
Firebase,Node.js,430
Firebase,Firebase,646
Firebase,.NET Core,247
Firebase,Cordova,195
Firebase,Hadoop,88
Firebase,React,520
Firebase,Spark,117
Firebase,Node.js,297
Firebase,React,103
Firebase,Xamarin,35
Firebase,Xamarin,156
Firebase,Firebase,51
Firebase,Cordova,11
Firebase,Hadoop,86
Firebase,.NET Core,18
Firebase,Spark,14
MongoDB,MongoDB,53
MongoDB,Redis,98
MongoDB,PostgreSQL,110
MongoDB,Cassandra,156
MongoDB,MongoDB,102
MongoDB,SQLite,55
MongoDB,MySQL,96
MongoDB,Redis,30
MongoDB,PostgreSQL,10
MongoDB,SQL Server,54
MongoDB,Oracle,31
MongoDB,MySQL,7
MongoDB,SQL Server,9
MongoDB,SQLite,1
MongoDB,Oracle,2
Raspberry Pi,WordPress,5
Raspberry Pi,Amazon Web Services (AWS),168
Raspberry Pi,Windows Phone,5
Raspberry Pi,Windows Desktop,17
Raspberry Pi,Raspberry Pi,157
Raspberry Pi,SharePoint,6
Raspberry Pi,Raspberry Pi,214
Raspberry Pi,Android,133
Raspberry Pi,Linux Desktop,35
Raspberry Pi,iOS,46
Raspberry Pi,Serverless,41
Raspberry Pi,Windows Desktop,6
Raspberry Pi,Microsoft Azure,73
Raspberry Pi,Serverless,5
Raspberry Pi,Mac OS,6
Raspberry Pi,Arduino,44
Raspberry Pi,Mainframe,5
Raspberry Pi,WordPress,34
Raspberry Pi,Amazon Web Services (AWS),16
Raspberry Pi,Linux Desktop,23
Raspberry Pi,Arduino,18
Raspberry Pi,Mac OS,31
Raspberry Pi,Windows Phone,10
Raspberry Pi,iOS,29
Raspberry Pi,Microsoft Azure,6
Raspberry Pi,Salesforce,7
Raspberry Pi,Salesforce,1
Raspberry Pi,SharePoint,1
Raspberry Pi,Mainframe,1
SharePoint,WordPress,6
SharePoint,Amazon Web Services (AWS),241
SharePoint,Serverless,6
SharePoint,Salesforce,41
SharePoint,Android,311
SharePoint,Windows Desktop,185
SharePoint,Raspberry Pi,232
SharePoint,Microsoft Azure,256
SharePoint,Arduino,19
SharePoint,Serverless,50
SharePoint,Windows Desktop,123
SharePoint,Arduino,135
SharePoint,SharePoint,204
SharePoint,iOS,142
SharePoint,Linux Desktop,171
SharePoint,Mac OS,121
SharePoint,WordPress,84
SharePoint,SharePoint,11
SharePoint,Raspberry Pi,23
SharePoint,Amazon Web Services (AWS),31
SharePoint,Windows Phone,31
SharePoint,iOS,61
SharePoint,Windows Phone,54
SharePoint,Linux Desktop,49
SharePoint,Microsoft Azure,12
SharePoint,Mainframe,23
SharePoint,Mac OS,13
SharePoint,Salesforce,4
SharePoint,Mainframe,1
F#,C#,189
F#,F#,219
F#,SQL,147
F#,TypeScript,147
F#,C,30
F#,C++,45
F#,C#,92
F#,Python,116
F#,Clojure,35
F#,Haskell,76
F#,Java,49
F#,Elixir,13
F#,Erlang,39
F#,Scala,66
F#,JavaScript,178
F#,F#,24
F#,C++,43
F#,PHP,40
F#,VB.NET,20
F#,VBA,10
F#,Visual Basic 6,11
F#,Elixir,55
F#,Go,67
F#,Rust,71
F#,Swift,48
F#,Erlang,2
F#,R,60
F#,Haskell,7
F#,Ruby,43
F#,Go,11
F#,Dart,2
F#,Hack,11
F#,Julia,20
F#,Lua,30
F#,Perl,16
F#,Common Lisp,6
F#,Clojure,5
F#,Common Lisp,20
F#,Dart,16
F#,Assembly,40
F#,C,25
F#,Matlab,24
F#,R,2
F#,CoffeeScript,15
F#,Objective-C,18
F#,Smalltalk,11
F#,TypeScript,1
F#,Groovy,19
F#,JavaScript,2
F#,Ruby,1
F#,Swift,1
F#,Java,5
F#,Objective-C,1
F#,CoffeeScript,3
F#,Python,1
TypeScript,C#,1133
TypeScript,F#,399
TypeScript,Haskell,227
TypeScript,TypeScript,2212
TypeScript,Dart,31
TypeScript,Python,877
TypeScript,JavaScript,1643
TypeScript,Java,526
TypeScript,SQL,1165
TypeScript,JavaScript,368
TypeScript,R,251
TypeScript,Scala,330
TypeScript,Julia,38
TypeScript,Rust,333
TypeScript,Ruby,321
TypeScript,Go,465
TypeScript,Matlab,59
TypeScript,Swift,408
TypeScript,C++,333
TypeScript,Assembly,136
TypeScript,F#,59
TypeScript,Go,234
TypeScript,Rust,14
TypeScript,Clojure,64
TypeScript,Hack,4
TypeScript,C,204
TypeScript,C++,192
TypeScript,C#,324
TypeScript,Objective-C,138
TypeScript,Java,226
TypeScript,PHP,389
TypeScript,VB.NET,57
TypeScript,VBA,22
TypeScript,Visual Basic 6,23
TypeScript,Elixir,133
TypeScript,Clojure,89
TypeScript,Lua,103
TypeScript,Erlang,19
TypeScript,Perl,61
TypeScript,Hack,41
TypeScript,Haskell,39
TypeScript,Erlang,106
TypeScript,Dart,69
TypeScript,C,78
TypeScript,Elixir,87
TypeScript,Smalltalk,32
TypeScript,CoffeeScript,75
TypeScript,Ruby,12
TypeScript,TypeScript,17
TypeScript,CoffeeScript,67
TypeScript,Groovy,62
TypeScript,Objective-C,6
TypeScript,Python,38
TypeScript,Common Lisp,44
TypeScript,Common Lisp,19
TypeScript,Smalltalk,2
TypeScript,Groovy,26
TypeScript,Scala,13
TypeScript,PHP,18
TypeScript,Swift,12
TypeScript,R,5
TypeScript,Matlab,3
TypeScript,Julia,3
TypeScript,Lua,1
TypeScript,SQL,2
Lua,C++,173
Lua,Lua,327
Lua,R,84
Lua,C#,189
Lua,F#,58
Lua,JavaScript,384
Lua,SQL,288
Lua,Groovy,5
Lua,Java,247
Lua,TypeScript,125
Lua,Python,13
Lua,C,185
Lua,C++,224
Lua,Elixir,44
Lua,Erlang,46
Lua,Go,188
Lua,Python,393
Lua,Rust,156
Lua,VB.NET,40
Lua,Objective-C,69
Lua,PHP,170
Lua,Swift,127
Lua,VBA,28
Lua,Go,49
Lua,Lua,9
Lua,C#,114
Lua,Java,22
Lua,Ruby,126
Lua,Clojure,19
Lua,Haskell,101
Lua,Scala,90
Lua,JavaScript,40
Lua,Erlang,5
Lua,Dart,5
Lua,Assembly,172
Lua,C,122
Lua,Common Lisp,8
Lua,Haskell,13
Lua,Clojure,42
Lua,Groovy,37
Lua,Dart,33
Lua,Matlab,48
Lua,Common Lisp,42
Lua,Perl,62
Lua,CoffeeScript,19
Lua,Julia,36
Lua,Elixir,18
Lua,Smalltalk,28
Lua,CoffeeScript,37
Lua,Hack,19
Lua,Visual Basic 6,27
Lua,PHP,3
Lua,R,2
Lua,Julia,1
Lua,Swift,4
Lua,F#,8
Lua,Objective-C,3
Lua,SQL,4
Lua,Ruby,2
Lua,Hack,1
Lua,Rust,2
Lua,Matlab,1
VBA,Clojure,14
VBA,Groovy,36
VBA,JavaScript,608
VBA,Scala,96
VBA,C#,449
VBA,Julia,33
VBA,PHP,289
VBA,SQL,733
VBA,VB.NET,206
VBA,VBA,302
VBA,Elixir,4
VBA,Erlang,28
VBA,TypeScript,187
VBA,C++,182
VBA,Python,502
VBA,C#,234
VBA,Java,334
VBA,Objective-C,103
VBA,Swift,149
VBA,Rust,2
VBA,Go,97
VBA,Java,108
VBA,Perl,99
VBA,C,142
VBA,C++,155
VBA,Lua,61
VBA,Go,49
VBA,Clojure,28
VBA,F#,93
VBA,Visual Basic 6,87
VBA,Matlab,74
VBA,R,207
VBA,JavaScript,93
VBA,Ruby,164
VBA,Assembly,110
VBA,C,60
VBA,Python,57
VBA,Haskell,52
VBA,CoffeeScript,42
VBA,Dart,28
VBA,CoffeeScript,20
VBA,R,10
VBA,Lua,7
VBA,Perl,6
VBA,Rust,54
VBA,F#,16
VBA,TypeScript,1
VBA,SQL,21
VBA,Elixir,23
VBA,PHP,14
VBA,Objective-C,7
VBA,Common Lisp,28
VBA,Hack,19
VBA,Smalltalk,20
VBA,Julia,2
VBA,Smalltalk,1
VBA,Matlab,5
VBA,Dart,2
VBA,Erlang,5
VBA,Haskell,7
VBA,Groovy,8
VBA,Swift,2
VBA,Scala,4
VBA,Ruby,1
VBA,Hack,2
VBA,Common Lisp,3
VBA,Visual Basic 6,1
VBA,VB.NET,1
Groovy,Assembly,55
Groovy,C++,69
Groovy,Groovy,147
Groovy,Java,239
Groovy,Perl,34
Groovy,Python,213
Groovy,Go,51
Groovy,SQL,196
Groovy,Rust,3
Groovy,Haskell,6
Groovy,Scala,100
Groovy,Groovy,34
Groovy,Java,45
Groovy,JavaScript,244
Groovy,Elixir,17
Groovy,Erlang,42
Groovy,Go,112
Groovy,Rust,71
Groovy,Swift,98
Groovy,C,67
Groovy,Haskell,49
Groovy,TypeScript,112
Groovy,C++,80
Groovy,Common Lisp,26
Groovy,C,45
Groovy,Matlab,23
Groovy,Ruby,84
Groovy,Clojure,24
Groovy,Elixir,35
Groovy,Scala,5
Groovy,C#,90
Groovy,CoffeeScript,22
Groovy,Clojure,38
Groovy,Dart,19
Groovy,F#,41
Groovy,VB.NET,16
Groovy,R,51
Groovy,C#,67
Groovy,Dart,6
Groovy,Julia,17
Groovy,JavaScript,9
Groovy,Hack,9
Groovy,Lua,39
Groovy,PHP,43
Groovy,Smalltalk,14
Groovy,Visual Basic 6,8
Groovy,Common Lisp,3
Groovy,Smalltalk,1
Groovy,TypeScript,4
Groovy,Objective-C,40
Groovy,Objective-C,6
Groovy,Ruby,4
Groovy,VBA,10
Groovy,Python,6
Groovy,R,1
Groovy,Erlang,4
Groovy,CoffeeScript,8
Groovy,PHP,1
Groovy,F#,3
Groovy,Lua,1
Groovy,Swift,1
C++,C++,1601
C++,C#,652
C++,F#,154
C++,JavaScript,1146
C++,SQL,872
C++,Python,1328
C++,R,207
C++,C#,413
C++,Rust,327
C++,TypeScript,402
C++,Clojure,35
C++,Groovy,56
C++,Matlab,129
C++,Dart,8
C++,Go,356
C++,Java,780
C++,C,164
C++,C++,243
C++,Haskell,248
C++,Ruby,302
C++,Objective-C,15
C++,Swift,386
C++,Python,78
C++,Lua,128
C++,VB.NET,76
C++,Julia,11
C++,Scala,246
C++,Objective-C,168
C++,PHP,411
C++,JavaScript,113
C++,Perl,109
C++,Go,133
C++,Matlab,8
C++,Haskell,32
C++,Java,201
C++,Assembly,202
C++,F#,24
C++,CoffeeScript,34
C++,Common Lisp,47
C++,Groovy,15
C++,C,90
C++,Rust,17
C++,Smalltalk,27
C++,Erlang,74
C++,Clojure,72
C++,Julia,44
C++,PHP,10
C++,Dart,27
C++,TypeScript,6
C++,Elixir,68
C++,Scala,6
C++,CoffeeScript,48
C++,Ruby,9
C++,R,6
C++,Elixir,30
C++,VBA,40
C++,Erlang,17
C++,Smalltalk,1
C++,Swift,17
C++,Common Lisp,20
C++,Hack,21
C++,Visual Basic 6,19
C++,Hack,5
C++,Lua,6
C++,SQL,2
C++,Perl,2
C++,Visual Basic 6,1
C++,VB.NET,1
C#,C++,845
C#,C#,1401
C#,F#,322
C#,JavaScript,1373
C#,SQL,1284
C#,Erlang,13
C#,R,286
C#,Swift,488
C#,Python,1307
C#,JavaScript,82
C#,C#,667
C#,Clojure,23
C#,Rust,315
C#,TypeScript,554
C#,Groovy,91
C#,Matlab,180
C#,Assembly,484
C#,C++,757
C#,Java,923
C#,Objective-C,281
C#,C,670
C#,Clojure,116
C#,Haskell,256
C#,Go,469
C#,C,290
C#,Ruby,399
C#,Scala,278
C#,Elixir,98
C#,Erlang,105
C#,Lua,222
C#,VB.NET,169
C#,Python,43
C#,Rust,12
C#,PHP,615
C#,Go,110
C#,Hack,59
C#,R,9
C#,VBA,93
C#,Visual Basic 6,72
C#,PHP,22
C#,Common Lisp,71
C#,Perl,173
C#,F#,39
C#,CoffeeScript,49
C#,Common Lisp,16
C#,Java,165
C#,SQL,7
C#,CoffeeScript,94
C#,Dart,65
C#,Swift,13
C#,Haskell,22
C#,Objective-C,25
C#,Dart,14
C#,Julia,60
C#,TypeScript,7
C#,Perl,6
C#,Matlab,7
C#,Hack,7
C#,Smalltalk,43
C#,Scala,4
C#,Groovy,11
C#,Julia,5
C#,Smalltalk,1
C#,Ruby,12
C#,Lua,6
C#,Elixir,15
C#,VB.NET,3
Cordova,AngularJS,122
Cordova,Cordova,58
Cordova,Xamarin,56
Cordova,.NET Core,71
Cordova,Node.js,81
Cordova,React,18
Cordova,Node.js,29
Cordova,React,69
Cordova,.NET Core,12
Cordova,Cordova,54
Cordova,Xamarin,16
Cordova,Hadoop,19
Cordova,Spark,10
Cordova,Firebase,36
Cordova,Spark,3
Cordova,Hadoop,14
Cordova,Firebase,8
Xamarin,AngularJS,422
Xamarin,Cordova,119
Xamarin,Xamarin,391
Xamarin,.NET Core,508
Xamarin,Node.js,169
Xamarin,React,256
Xamarin,Spark,65
Xamarin,Node.js,278
Xamarin,Firebase,120
Xamarin,.NET Core,42
Xamarin,React,52
Xamarin,Xamarin,64
Xamarin,Hadoop,58
Xamarin,Firebase,10
Xamarin,Cordova,15
Xamarin,Hadoop,43
Xamarin,Spark,5
Windows Phone,Android,390
Windows Phone,iOS,243
Windows Phone,Windows Phone,230
Windows Phone,Windows Desktop,282
Windows Phone,Raspberry Pi,198
Windows Phone,Serverless,39
Windows Phone,Microsoft Azure,194
Windows Phone,Serverless,3
Windows Phone,Salesforce,27
Windows Phone,Windows Phone,29
Windows Phone,Amazon Web Services (AWS),177
Windows Phone,Windows Desktop,30
Windows Phone,Linux Desktop,162
Windows Phone,iOS,62
Windows Phone,Linux Desktop,13
Windows Phone,Mac OS,173
Windows Phone,SharePoint,42
Windows Phone,WordPress,82
Windows Phone,Arduino,119
Windows Phone,Arduino,16
Windows Phone,Mac OS,7
Windows Phone,Raspberry Pi,10
Windows Phone,Salesforce,2
Windows Phone,Mainframe,24
Windows Phone,SharePoint,2
Windows Phone,Microsoft Azure,3
Windows Phone,Amazon Web Services (AWS),8
Windows Phone,WordPress,3
Xamarin,AngularJS,159
Xamarin,.NET Core,330
Xamarin,.NET Core,64
Xamarin,Xamarin,227
Xamarin,Firebase,53
Xamarin,Node.js,96
Xamarin,Cordova,27
Xamarin,Xamarin,133
Xamarin,React,27
Xamarin,Spark,3
Xamarin,React,70
Xamarin,Node.js,51
Xamarin,Hadoop,22
Xamarin,Hadoop,17
Xamarin,Spark,14
Xamarin,Cordova,5
Xamarin,Firebase,11
Perl,Assembly,151
Perl,C++,224
Perl,Groovy,52
Perl,Java,322
Perl,Perl,454
Perl,Python,567
Perl,Dart,7
Perl,C,228
Perl,Common Lisp,45
Perl,Clojure,47
Perl,JavaScript,480
Perl,Java,106
Perl,SQL,533
Perl,Go,184
Perl,C++,181
Perl,C#,146
Perl,Haskell,102
Perl,Rust,133
Perl,Objective-C,11
Perl,Swift,143
Perl,F#,46
Perl,PHP,258
Perl,Scala,140
Perl,TypeScript,144
Perl,JavaScript,126
Perl,CoffeeScript,27
Perl,Ruby,210
Perl,Objective-C,98
Perl,Erlang,14
Perl,C#,124
Perl,CoffeeScript,40
Perl,Matlab,55
Perl,Clojure,29
Perl,Erlang,63
Perl,Julia,35
Perl,R,123
Perl,Elixir,39
Perl,Lua,8
Perl,Lua,96
Perl,Go,93
Perl,VB.NET,40
Perl,VBA,32
Perl,Visual Basic 6,18
Perl,C,97
Perl,Elixir,18
Perl,Haskell,16
Perl,Python,25
Perl,Groovy,28
Perl,Hack,3
Perl,Smalltalk,33
Perl,Swift,6
Perl,Perl,20
Perl,F#,6
Perl,Julia,6
Perl,R,5
Perl,Scala,5
Perl,Dart,29
Perl,Smalltalk,2
Perl,PHP,7
Perl,Common Lisp,13
Perl,Hack,24
Perl,Rust,4
Perl,Matlab,4
Perl,TypeScript,1
Perl,SQL,1
Perl,Ruby,3
Perl,VB.NET,1
Go,C#,23
Go,Go,139
Go,Java,98
Go,Scala,59
Go,Go,260
Go,JavaScript,192
Go,SQL,138
Go,JavaScript,15
Go,Ruby,65
Go,TypeScript,65
Go,Groovy,9
Go,Python,197
Go,PHP,65
Go,Rust,93
Go,Swift,53
Go,Elixir,32
Go,Objective-C,14
Go,Erlang,25
Go,Swift,7
Go,C++,32
Go,Common Lisp,9
Go,F#,7
Go,F#,3
Go,Haskell,42
Go,C#,7
Go,Matlab,8
Go,Dart,8
Go,C,42
Go,C++,21
Go,Java,11
Go,Assembly,20
Go,C,13
Go,R,30
Go,R,2
Go,Clojure,30
Go,Elixir,27
Go,Lua,13
Go,Common Lisp,7
Go,Clojure,15
Go,Smalltalk,6
Go,Julia,2
Go,Julia,7
Go,Python,5
Go,Erlang,6
Go,Dart,7
Go,Hack,5
Go,Perl,10
Go,Ruby,1
Go,VB.NET,1
Go,CoffeeScript,7
Go,Haskell,4
Go,PHP,1
Go,Groovy,1
Go,Rust,1
Go,CoffeeScript,3
Go,Visual Basic 6,1
WordPress,WordPress,214
WordPress,Linux Desktop,16
WordPress,Raspberry Pi,107
WordPress,Android,250
WordPress,Windows Desktop,45
WordPress,Linux Desktop,50
WordPress,Serverless,20
WordPress,Microsoft Azure,80
WordPress,iOS,135
WordPress,Amazon Web Services (AWS),248
WordPress,Amazon Web Services (AWS),102
WordPress,Arduino,33
WordPress,Mac OS,67
WordPress,iOS,66
WordPress,WordPress,198
WordPress,Arduino,50
WordPress,Mac OS,8
WordPress,Salesforce,13
WordPress,Windows Phone,20
WordPress,SharePoint,4
WordPress,Serverless,26
WordPress,Windows Phone,6
WordPress,Mainframe,7
WordPress,Raspberry Pi,45
WordPress,Windows Desktop,9
WordPress,SharePoint,16
WordPress,Salesforce,10
WordPress,Microsoft Azure,13
iOS,Windows Phone,32
iOS,Android,1650
iOS,iOS,1420
iOS,Amazon Web Services (AWS),857
iOS,Linux Desktop,64
iOS,Mac OS,782
iOS,Arduino,437
iOS,Raspberry Pi,671
iOS,Serverless,141
iOS,Windows Phone,194
iOS,Microsoft Azure,382
iOS,Windows Desktop,601
iOS,Linux Desktop,508
iOS,SharePoint,57
iOS,WordPress,254
iOS,Windows Desktop,78
iOS,iOS,174
iOS,Microsoft Azure,17
iOS,Amazon Web Services (AWS),61
iOS,Raspberry Pi,67
iOS,Arduino,49
iOS,Mac OS,22
iOS,Salesforce,54
iOS,Mainframe,42
iOS,Serverless,15
iOS,WordPress,8
iOS,Mainframe,4
iOS,Salesforce,2
iOS,SharePoint,1
Arduino,Android,121
Arduino,Arduino,120
Arduino,Linux Desktop,33
Arduino,Serverless,29
Arduino,Arduino,164
Arduino,Raspberry Pi,188
Arduino,Microsoft Azure,45
Arduino,WordPress,29
Arduino,Amazon Web Services (AWS),125
Arduino,Amazon Web Services (AWS),17
Arduino,Mac OS,3
Arduino,Raspberry Pi,14
Arduino,Salesforce,5
Arduino,SharePoint,6
Arduino,iOS,34
Arduino,iOS,25
Arduino,Mac OS,28
Arduino,Mainframe,1
Arduino,Windows Phone,9
Arduino,Windows Desktop,25
Arduino,Mainframe,4
Arduino,Linux Desktop,19
Arduino,Windows Desktop,6
Arduino,WordPress,2
Arduino,Serverless,1
Arduino,Windows Phone,1
Microsoft Azure,Android,110
Microsoft Azure,iOS,46
Microsoft Azure,Serverless,23
Microsoft Azure,Amazon Web Services (AWS),91
Microsoft Azure,Microsoft Azure,241
Microsoft Azure,Microsoft Azure,211
Microsoft Azure,Arduino,20
Microsoft Azure,Raspberry Pi,73
Microsoft Azure,Serverless,29
Microsoft Azure,Amazon Web Services (AWS),79
Microsoft Azure,Windows Desktop,24
Microsoft Azure,Arduino,28
Microsoft Azure,iOS,28
Microsoft Azure,Windows Desktop,12
Microsoft Azure,Raspberry Pi,24
Microsoft Azure,Linux Desktop,16
Microsoft Azure,Linux Desktop,20
Microsoft Azure,Windows Phone,10
Microsoft Azure,Windows Phone,19
Microsoft Azure,Mac OS,13
Microsoft Azure,SharePoint,9
Microsoft Azure,WordPress,6
Microsoft Azure,WordPress,5
Microsoft Azure,Salesforce,3
Microsoft Azure,Mac OS,5
Microsoft Azure,SharePoint,1
Microsoft Azure,Salesforce,2
Microsoft Azure,Mainframe,3
Elixir,Python,4
Elixir,Scala,18
Elixir,Elixir,90
Elixir,Go,39
Elixir,Go,6
Elixir,Java,13
Elixir,Python,31
Elixir,C#,6
Elixir,Elixir,18
Elixir,Haskell,22
Elixir,Rust,31
Elixir,SQL,46
Elixir,Objective-C,8
Elixir,Ruby,50
Elixir,Swift,29
Elixir,TypeScript,1
Elixir,Assembly,3
Elixir,F#,2
Elixir,JavaScript,4
Elixir,C++,4
Elixir,PHP,26
Elixir,Erlang,32
Elixir,JavaScript,62
Elixir,R,7
Elixir,TypeScript,18
Elixir,Objective-C,1
Elixir,C#,3
Elixir,Clojure,5
Elixir,Dart,2
Elixir,Groovy,3
Elixir,CoffeeScript,6
Elixir,Haskell,2
Elixir,Java,3
Elixir,Matlab,2
Elixir,Erlang,1
Elixir,C,3
Elixir,Clojure,5
Elixir,Julia,4
Elixir,Lua,3
Elixir,Perl,1
Elixir,Dart,1
Elixir,F#,4
Elixir,Perl,1
Elixir,Common Lisp,2
Elixir,CoffeeScript,1
Elixir,Hack,1
Elixir,Groovy,1
Elixir,Hack,1
Elixir,Rust,1
Elixir,C++,2
Hadoop,AngularJS,143
Hadoop,Node.js,115
Hadoop,Hadoop,98
Hadoop,React,114
Hadoop,Spark,119
Hadoop,.NET Core,5
Hadoop,Hadoop,65
Hadoop,.NET Core,61
Hadoop,Cordova,43
Hadoop,Firebase,54
Hadoop,React,19
Hadoop,Xamarin,39
Hadoop,Node.js,31
Hadoop,Cordova,4
Hadoop,Spark,12
Hadoop,Xamarin,3
Hadoop,Firebase,1
Smalltalk,CoffeeScript,6
Smalltalk,Dart,8
Smalltalk,Go,21
Smalltalk,Haskell,7
Smalltalk,JavaScript,64
Smalltalk,Assembly,30
Smalltalk,C,19
Smalltalk,C++,24
Smalltalk,C#,17
Smalltalk,Common Lisp,19
Smalltalk,Haskell,20
Smalltalk,Java,35
Smalltalk,Objective-C,31
Smalltalk,Perl,15
Smalltalk,PHP,22
Smalltalk,Python,59
Smalltalk,R,26
Smalltalk,Ruby,32
Smalltalk,Smalltalk,133
Smalltalk,SQL,42
Smalltalk,Visual Basic 6,9
Smalltalk,Elixir,2
Smalltalk,Erlang,14
Smalltalk,Dart,3
Smalltalk,JavaScript,25
Smalltalk,C#,22
Smalltalk,Swift,34
Smalltalk,TypeScript,23
Smalltalk,VBA,8
Smalltalk,Go,7
Smalltalk,Lua,20
Smalltalk,Matlab,14
Smalltalk,Clojure,6
Smalltalk,Rust,23
Smalltalk,Smalltalk,22
Smalltalk,C++,16
Smalltalk,Java,14
Smalltalk,C,28
Smalltalk,VB.NET,11
Smalltalk,Scala,29
Smalltalk,Objective-C,3
Smalltalk,Clojure,15
Smalltalk,Elixir,11
Smalltalk,Common Lisp,9
Smalltalk,Erlang,3
Smalltalk,Groovy,3
Smalltalk,Groovy,9
Smalltalk,F#,11
Smalltalk,Python,6
Smalltalk,Julia,10
Smalltalk,Ruby,1
Smalltalk,CoffeeScript,12
Smalltalk,Hack,8
Smalltalk,Julia,1
Smalltalk,Hack,1
Smalltalk,Lua,2
Smalltalk,Perl,1
Smalltalk,F#,3
Smalltalk,PHP,1
Smalltalk,Scala,1
Mainframe,Serverless,4
Mainframe,Windows Desktop,50
Mainframe,Arduino,43
Mainframe,Mainframe,123
Mainframe,Linux Desktop,47
Mainframe,Android,93
Mainframe,Linux Desktop,63
Mainframe,Raspberry Pi,9
Mainframe,Amazon Web Services (AWS),76
Mainframe,Microsoft Azure,37
Mainframe,Amazon Web Services (AWS),3
Mainframe,iOS,45
Mainframe,Windows Phone,18
Mainframe,Windows Desktop,38
Mainframe,Raspberry Pi,70
Mainframe,WordPress,3
Mainframe,Mac OS,41
Mainframe,Mainframe,6
Mainframe,iOS,16
Mainframe,SharePoint,17
Mainframe,Mac OS,11
Mainframe,WordPress,26
Mainframe,Arduino,7
Mainframe,Serverless,17
Mainframe,Salesforce,14
Mainframe,Windows Phone,1
Mainframe,SharePoint,1
Mainframe,Salesforce,1
Mainframe,Microsoft Azure,1
Visual Basic 6,C#,313
Visual Basic 6,CoffeeScript,45
Visual Basic 6,Go,90
Visual Basic 6,JavaScript,422
Visual Basic 6,Python,324
Visual Basic 6,TypeScript,150
Visual Basic 6,Java,246
Visual Basic 6,C++,126
Visual Basic 6,C#,176
Visual Basic 6,Objective-C,103
Visual Basic 6,PHP,231
Visual Basic 6,SQL,475
Visual Basic 6,Swift,125
Visual Basic 6,VB.NET,165
Visual Basic 6,VBA,92
Visual Basic 6,Java,70
Visual Basic 6,Perl,62
Visual Basic 6,C,121
Visual Basic 6,C++,138
Visual Basic 6,Lua,55
Visual Basic 6,F#,99
Visual Basic 6,Visual Basic 6,123
Visual Basic 6,Go,20
Visual Basic 6,R,98
Visual Basic 6,Matlab,55
Visual Basic 6,Assembly,89
Visual Basic 6,Dart,29
Visual Basic 6,Scala,66
Visual Basic 6,Ruby,138
Visual Basic 6,JavaScript,47
Visual Basic 6,C,58
Visual Basic 6,Haskell,6
Visual Basic 6,TypeScript,2
Visual Basic 6,SQL,8
Visual Basic 6,Elixir,24
Visual Basic 6,Erlang,30
Visual Basic 6,Groovy,25
Visual Basic 6,Clojure,30
Visual Basic 6,Haskell,43
Visual Basic 6,Objective-C,9
Visual Basic 6,F#,11
Visual Basic 6,Scala,2
Visual Basic 6,Clojure,3
Visual Basic 6,CoffeeScript,18
Visual Basic 6,Smalltalk,22
Visual Basic 6,Hack,30
Visual Basic 6,Common Lisp,25
Visual Basic 6,Rust,42
Visual Basic 6,Swift,2
Visual Basic 6,Julia,24
Visual Basic 6,Smalltalk,1
Visual Basic 6,Dart,5
Visual Basic 6,PHP,10
Visual Basic 6,Python,9
Visual Basic 6,Erlang,4
Visual Basic 6,Visual Basic 6,2
Visual Basic 6,VBA,2
Visual Basic 6,R,2
Visual Basic 6,Groovy,1
Visual Basic 6,Perl,4
Visual Basic 6,Ruby,4
Visual Basic 6,Common Lisp,2
Visual Basic 6,Matlab,4
Visual Basic 6,Elixir,4
Visual Basic 6,Lua,1
Visual Basic 6,Hack,1
Go,C,177
Go,Go,447
Go,Haskell,125
Go,Objective-C,67
Go,Ruby,152
Go,Rust,227
Go,Swift,184
Go,C#,125
Go,SQL,290
Go,Elixir,45
Go,Erlang,88
Go,Scala,118
Go,TypeScript,208
Go,C++,158
Go,Elixir,84
Go,Lua,82
Go,Python,386
Go,Go,139
Go,JavaScript,394
Go,C++,131
Go,Java,202
Go,Erlang,12
Go,Perl,43
Go,PHP,98
Go,C#,94
Go,F#,62
Go,R,86
Go,Assembly,117
Go,C,79
Go,Common Lisp,30
Go,F#,5
Go,JavaScript,16
Go,Dart,8
Go,Dart,32
Go,Clojure,53
Go,Clojure,40
Go,Objective-C,4
Go,Haskell,9
Go,Groovy,29
Go,Rust,7
Go,Common Lisp,13
Go,Java,23
Go,CoffeeScript,21
Go,Smalltalk,20
Go,Matlab,31
Go,VB.NET,15
Go,Julia,44
Go,CoffeeScript,23
Go,Hack,15
Go,VBA,13
Go,Visual Basic 6,12
Go,TypeScript,1
Go,Swift,2
Go,R,1
Go,Groovy,1
Go,Scala,4
Go,Julia,2
Go,Python,4
Go,Hack,1
Go,Matlab,1
Go,Ruby,1
Go,Lua,2
Python,JavaScript,78
Python,R,164
Python,Ruby,58
Python,SQL,212
Python,C#,42
Python,Python,376
Python,C,81
Python,C#,42
Python,CoffeeScript,1
Python,Go,67
Python,Haskell,36
Python,JavaScript,130
Python,Perl,14
Python,PHP,23
Python,Python,293
Python,Go,80
Python,Rust,56
Python,Java,74
Python,VB.NET,4
Python,Java,67
Python,Scala,12
Python,Elixir,18
Python,Erlang,14
Python,Lua,13
Python,Assembly,24
Python,C,15
Python,Scala,91
Python,Common Lisp,9
Python,C++,57
Python,Clojure,20
Python,Erlang,5
Python,C++,101
Python,Julia,26
Python,TypeScript,14
Python,CoffeeScript,5
Python,Swift,53
Python,Clojure,7
Python,Rust,5
Python,Haskell,15
Python,Elixir,9
Python,PHP,2
Python,Julia,16
Python,Smalltalk,9
Python,Lua,8
Python,R,9
Python,Swift,3
Python,Hack,2
Python,VBA,15
Python,Matlab,10
Python,Dart,6
Python,Groovy,2
Python,F#,5
Python,Objective-C,8
Python,F#,1
Python,Common Lisp,3
Python,Perl,2
Python,Visual Basic 6,5
Python,Objective-C,1
Python,Ruby,2
Python,Matlab,5
Python,Hack,1
Python,TypeScript,2
Python,Dart,1
Oracle,Cassandra,108
Oracle,MongoDB,74
Oracle,Redis,49
Oracle,Oracle,234
Oracle,PostgreSQL,66
Oracle,SQLite,8
Oracle,MySQL,45
Oracle,Oracle,193
Oracle,SQLite,104
Oracle,MongoDB,184
Oracle,Redis,40
Oracle,SQL Server,28
Oracle,PostgreSQL,95
Oracle,SQL Server,58
Oracle,MySQL,71
Common Lisp,Clojure,5
Common Lisp,Assembly,50
Common Lisp,C++,52
Common Lisp,Perl,30
Common Lisp,Python,86
Common Lisp,SQL,63
Common Lisp,Common Lisp,19
Common Lisp,JavaScript,2
Common Lisp,Ruby,38
Common Lisp,Rust,40
Common Lisp,TypeScript,29
Common Lisp,C,35
Common Lisp,C#,36
Common Lisp,Common Lisp,57
Common Lisp,Go,48
Common Lisp,Haskell,42
Common Lisp,Java,54
Common Lisp,Scala,39
Common Lisp,C#,20
Common Lisp,F#,23
Common Lisp,JavaScript,77
Common Lisp,Swift,33
Common Lisp,Haskell,3
Common Lisp,C++,30
Common Lisp,Matlab,18
Common Lisp,C,40
Common Lisp,Objective-C,22
Common Lisp,PHP,30
Common Lisp,R,29
Common Lisp,Smalltalk,17
Common Lisp,Visual Basic 6,10
Common Lisp,Clojure,33
Common Lisp,Go,6
Common Lisp,VBA,9
Common Lisp,Julia,2
Common Lisp,Erlang,21
Common Lisp,Lua,20
Common Lisp,Julia,22
Common Lisp,Elixir,21
Common Lisp,Dart,2
Common Lisp,Python,1
Common Lisp,Perl,1
Common Lisp,VB.NET,17
Common Lisp,CoffeeScript,16
Common Lisp,Objective-C,2
Common Lisp,Dart,12
Common Lisp,Groovy,12
Common Lisp,Hack,9
Common Lisp,Java,4
Common Lisp,Matlab,1
Common Lisp,F#,3
Common Lisp,CoffeeScript,4
Common Lisp,PHP,1
Common Lisp,Ruby,1
Common Lisp,Rust,1
Common Lisp,Elixir,2
Common Lisp,Scala,1
Firebase,Firebase,198
Firebase,Xamarin,30
Firebase,.NET Core,54
Firebase,React,39
Firebase,Firebase,152
Firebase,Node.js,67
Firebase,React,81
Firebase,.NET Core,6
Firebase,AngularJS,119
Firebase,Node.js,86
Firebase,Xamarin,38
Firebase,Cordova,26
Firebase,Spark,13
Firebase,Spark,11
Firebase,Hadoop,20
Firebase,Hadoop,18
Firebase,Cordova,4
VB.NET,C#,14
VB.NET,Ruby,1
VB.NET,JavaScript,4
VB.NET,VB.NET,4
VB.NET,Haskell,1
VB.NET,Java,6
VB.NET,VB.NET,10
VB.NET,VBA,1
VB.NET,C++,5
VB.NET,PHP,1
VB.NET,VBA,2
VB.NET,C#,2
VB.NET,C,1
VB.NET,Python,3
VB.NET,JavaScript,1
VB.NET,Assembly,1
VB.NET,C++,1
VB.NET,SQL,1
Salesforce,Android,164
Salesforce,Microsoft Azure,90
Salesforce,Raspberry Pi,18
Salesforce,Salesforce,125
Salesforce,Mac OS,34
Salesforce,Arduino,89
Salesforce,Amazon Web Services (AWS),224
Salesforce,Salesforce,8
Salesforce,iOS,58
Salesforce,Mac OS,124
Salesforce,Windows Desktop,63
Salesforce,Linux Desktop,100
Salesforce,Serverless,46
Salesforce,Linux Desktop,53
Salesforce,Raspberry Pi,118
Salesforce,Microsoft Azure,5
Salesforce,Serverless,10
Salesforce,Amazon Web Services (AWS),10
Salesforce,Windows Desktop,48
Salesforce,iOS,82
Salesforce,Windows Phone,25
Salesforce,Windows Phone,3
Salesforce,SharePoint,21
Salesforce,WordPress,46
Salesforce,Mainframe,14
Salesforce,WordPress,4
Salesforce,Arduino,8
Ruby,Assembly,2
Ruby,C,2
Ruby,Ruby,50
Ruby,Ruby,33
Ruby,Haskell,1
Ruby,Python,19
Ruby,Scala,9
Ruby,Elixir,6
Ruby,Erlang,6
Ruby,Objective-C,3
Ruby,SQL,28
Ruby,Elixir,26
Ruby,Java,11
Ruby,JavaScript,18
Ruby,Rust,14
Ruby,Go,11
Ruby,Go,10
Ruby,Haskell,6
Ruby,C++,6
Ruby,TypeScript,4
Ruby,Clojure,5
Ruby,Common Lisp,3
Ruby,Clojure,3
Ruby,Dart,2
Ruby,Swift,12
Ruby,Python,6
Ruby,Lua,1
Ruby,JavaScript,18
Ruby,PHP,2
Ruby,Smalltalk,1
Ruby,R,6
Ruby,CoffeeScript,6
Ruby,Erlang,1
Ruby,C,3
Ruby,Rust,5
Ruby,C#,3
Ruby,PHP,1
Ruby,Java,6
Ruby,C++,1
Ruby,Swift,1
Ruby,F#,1
Ruby,C#,1
Ruby,Groovy,1
Serverless,Raspberry Pi,7
Serverless,Salesforce,2
Serverless,Microsoft Azure,27
Serverless,Serverless,89
Serverless,Amazon Web Services (AWS),104
Serverless,Arduino,7
Serverless,Raspberry Pi,13
Serverless,Serverless,28
Serverless,SharePoint,1
Serverless,iOS,14
Serverless,Arduino,7
Serverless,Amazon Web Services (AWS),6
Serverless,Mac OS,6
Serverless,Android,14
Serverless,iOS,7
Serverless,Linux Desktop,1
Serverless,Microsoft Azure,2
Serverless,WordPress,2
Serverless,Windows Desktop,2
Serverless,Linux Desktop,3
Serverless,Mainframe,2
Serverless,Windows Desktop,1
Serverless,Mac OS,1
SQL,C#,69
SQL,JavaScript,50
SQL,SQL,70
SQL,Python,22
SQL,R,28
SQL,SQL,109
SQL,JavaScript,15
SQL,Python,49
SQL,C++,23
SQL,Ruby,6
SQL,VB.NET,39
SQL,C#,16
SQL,Java,27
SQL,PHP,18
SQL,Scala,8
SQL,Go,4
SQL,Objective-C,2
SQL,Ruby,2
SQL,C,8
SQL,R,9
SQL,Elixir,2
SQL,TypeScript,8
SQL,PHP,5
SQL,Clojure,1
SQL,F#,2
SQL,Go,3
SQL,Java,26
SQL,VBA,20
SQL,Visual Basic 6,9
SQL,Swift,6
SQL,Erlang,1
SQL,Lua,2
SQL,C++,2
SQL,Assembly,1
SQL,C,1
SQL,Dart,1
SQL,Erlang,1
SQL,Haskell,2
SQL,Matlab,3
SQL,Rust,2
SQL,Smalltalk,1
SQL,Perl,5
SQL,Julia,1
SQL,Common Lisp,1
SQL,Haskell,1
SQL,Matlab,1
Common Lisp,Dart,1
Common Lisp,Java,9
Common Lisp,JavaScript,19
Common Lisp,Scala,7
Common Lisp,Common Lisp,20
Common Lisp,C++,7
Common Lisp,Common Lisp,6
Common Lisp,Python,18
Common Lisp,Clojure,5
Common Lisp,Elixir,2
Common Lisp,Go,8
Common Lisp,Haskell,11
Common Lisp,Clojure,8
Common Lisp,Haskell,1
Common Lisp,Ruby,6
Common Lisp,Rust,4
Common Lisp,Erlang,4
Common Lisp,Perl,4
Common Lisp,PHP,6
Common Lisp,SQL,12
Common Lisp,TypeScript,3
Common Lisp,Swift,4
Common Lisp,C,2
Common Lisp,R,7
Common Lisp,Lua,1
Common Lisp,Objective-C,2
Common Lisp,Smalltalk,2
Common Lisp,PHP,1
Common Lisp,Elixir,2
Common Lisp,JavaScript,3
Common Lisp,Matlab,2
Common Lisp,VBA,1
Common Lisp,Assembly,3
Common Lisp,C,3
Common Lisp,Go,1
Common Lisp,Julia,2
Common Lisp,C++,2
Common Lisp,Groovy,1
Common Lisp,Erlang,1
Groovy,CoffeeScript,9
Groovy,Go,54
Groovy,Groovy,95
Groovy,Java,279
Groovy,JavaScript,245
Groovy,Objective-C,21
Groovy,Python,167
Groovy,Scala,136
Groovy,Clojure,30
Groovy,Haskell,25
Groovy,Rust,40
Groovy,Go,78
Groovy,Python,10
Groovy,Groovy,167
Groovy,SQL,163
Groovy,Java,70
Groovy,Perl,22
Groovy,Swift,65
Groovy,Elixir,19
Groovy,R,40
Groovy,Ruby,45
Groovy,TypeScript,95
Groovy,C++,30
Groovy,C#,36
Groovy,PHP,35
Groovy,Lua,6
Groovy,Erlang,12
Groovy,Assembly,4
Groovy,C,4
Groovy,F#,7
Groovy,Dart,5
Groovy,Julia,8
Groovy,C,28
Groovy,C++,16
Groovy,Elixir,5
Groovy,JavaScript,21
Groovy,Scala,11
Groovy,Ruby,4
Groovy,Haskell,10
Groovy,Smalltalk,5
Groovy,Perl,1
Groovy,Matlab,11
Groovy,Erlang,6
Groovy,C#,11
Groovy,Clojure,9
Groovy,PHP,2
Groovy,TypeScript,2
Groovy,VB.NET,3
Groovy,Dart,3
Groovy,Objective-C,1
Groovy,Julia,1
Groovy,Swift,3
Groovy,Common Lisp,3
Groovy,VBA,1
Groovy,R,2
Groovy,CoffeeScript,2
Groovy,F#,1
Groovy,Common Lisp,1
SharePoint,SharePoint,60
SharePoint,Microsoft Azure,94
SharePoint,Amazon Web Services (AWS),21
SharePoint,iOS,15
SharePoint,Raspberry Pi,25
SharePoint,Raspberry Pi,15
SharePoint,Amazon Web Services (AWS),55
SharePoint,SharePoint,40
SharePoint,Android,55
SharePoint,Microsoft Azure,14
SharePoint,iOS,22
SharePoint,Mac OS,11
SharePoint,WordPress,27
SharePoint,Arduino,11
SharePoint,Arduino,5
SharePoint,Mainframe,2
SharePoint,Linux Desktop,12
SharePoint,WordPress,8
SharePoint,Serverless,4
SharePoint,Windows Phone,7
SharePoint,Windows Desktop,7
SharePoint,Windows Phone,5
SharePoint,Linux Desktop,2
SharePoint,Serverless,7
SharePoint,Mainframe,3
SharePoint,Salesforce,2
SharePoint,Windows Desktop,3
SharePoint,Salesforce,3
Dart,Rust,2
Dart,C,12
Dart,C++,22
Dart,C#,17
Dart,Go,37
Dart,Java,31
Dart,Objective-C,8
Dart,Python,25
Dart,SQL,30
Dart,Swift,23
Dart,C#,23
Dart,Dart,29
Dart,Dart,7
Dart,JavaScript,45
Dart,Smalltalk,9
Dart,Clojure,16
Dart,Lua,18
Dart,Java,3
Dart,Rust,21
Dart,Go,3
Dart,Matlab,12
Dart,Assembly,19
Dart,C,12
Dart,Common Lisp,12
Dart,Elixir,11
Dart,F#,15
Dart,Hack,11
Dart,Haskell,17
Dart,Julia,14
Dart,Perl,10
Dart,PHP,20
Dart,R,16
Dart,Ruby,14
Dart,Scala,17
Dart,Visual Basic 6,9
Dart,Erlang,1
Dart,Groovy,12
Dart,C++,14
Dart,CoffeeScript,11
Dart,Erlang,10
Dart,TypeScript,23
Dart,VB.NET,8
Dart,VBA,8
Dart,Julia,1
Dart,CoffeeScript,2
Dart,Elixir,2
Dart,Common Lisp,2
Dart,JavaScript,1
CoffeeScript,C#,112
CoffeeScript,F#,46
CoffeeScript,Go,121
CoffeeScript,Haskell,70
CoffeeScript,Matlab,24
CoffeeScript,Python,170
CoffeeScript,R,45
CoffeeScript,Ruby,145
CoffeeScript,Rust,88
CoffeeScript,Scala,55
CoffeeScript,SQL,176
CoffeeScript,Swift,91
CoffeeScript,TypeScript,142
CoffeeScript,Assembly,59
CoffeeScript,Elixir,22
CoffeeScript,JavaScript,254
CoffeeScript,JavaScript,21
CoffeeScript,Java,107
CoffeeScript,C,64
CoffeeScript,Lua,51
CoffeeScript,Go,23
CoffeeScript,Julia,3
CoffeeScript,Elixir,47
CoffeeScript,C,35
CoffeeScript,Erlang,48
CoffeeScript,CoffeeScript,35
CoffeeScript,PHP,78
CoffeeScript,Swift,3
CoffeeScript,VB.NET,19
CoffeeScript,C++,71
CoffeeScript,C#,53
CoffeeScript,C++,46
CoffeeScript,Objective-C,1
CoffeeScript,Clojure,13
CoffeeScript,CoffeeScript,64
CoffeeScript,Common Lisp,20
CoffeeScript,Clojure,39
CoffeeScript,Julia,21
CoffeeScript,Perl,34
CoffeeScript,Objective-C,51
CoffeeScript,Dart,25
CoffeeScript,Groovy,23
CoffeeScript,Ruby,3
CoffeeScript,Hack,16
CoffeeScript,Smalltalk,16
CoffeeScript,VBA,12
CoffeeScript,Visual Basic 6,12
CoffeeScript,Java,14
CoffeeScript,Haskell,3
CoffeeScript,Common Lisp,6
CoffeeScript,Erlang,1
CoffeeScript,Dart,3
CoffeeScript,R,1
CoffeeScript,Rust,2
CoffeeScript,TypeScript,1
CoffeeScript,Scala,1
CoffeeScript,Matlab,1
CoffeeScript,Lua,1
CoffeeScript,Groovy,1
CoffeeScript,Python,1
Scala,Scala,20
Scala,TypeScript,5
Scala,Haskell,9
Scala,Scala,19
Scala,Rust,4
Scala,Rust,2
Scala,Matlab,1
Scala,Java,1
Scala,Python,2
Scala,Swift,4
Scala,JavaScript,2
Scala,Assembly,1
Scala,Erlang,1
Scala,F#,1
Scala,SQL,1
Scala,Go,2
Scala,Java,1
Scala,JavaScript,3
Scala,Python,2
Scala,R,1
Scala,C,1
Scala,C++,1
Scala,Clojure,1
Scala,Elixir,1
Scala,Erlang,1
Scala,Haskell,1
Erlang,Elixir,7
Erlang,Java,11
Erlang,JavaScript,15
Erlang,Scala,10
Erlang,C,5
Erlang,Erlang,13
Erlang,Rust,7
Erlang,Erlang,8
Erlang,Hack,3
Erlang,PHP,3
Erlang,Python,17
Erlang,SQL,14
Erlang,Haskell,10
Erlang,Java,7
Erlang,Assembly,3
Erlang,C,2
Erlang,C++,2
Erlang,C#,3
Erlang,CoffeeScript,1
Erlang,Common Lisp,4
Erlang,Clojure,3
Erlang,Dart,1
Erlang,Elixir,3
Erlang,Julia,1
Erlang,Lua,2
Erlang,Matlab,1
Erlang,Objective-C,3
Erlang,Perl,1
Erlang,R,4
Erlang,Ruby,4
Erlang,Smalltalk,2
Erlang,Swift,6
Erlang,TypeScript,6
Erlang,Go,10
Erlang,C++,7
Erlang,Haskell,1
Erlang,PHP,1
Erlang,Groovy,1
Erlang,Go,2
Erlang,VB.NET,1
Erlang,VBA,1
Erlang,C#,2
Erlang,CoffeeScript,1
Erlang,JavaScript,1
Erlang,F#,1
Salesforce,Salesforce,58
Salesforce,Microsoft Azure,33
Salesforce,Arduino,10
Salesforce,Raspberry Pi,26
Salesforce,Android,64
Salesforce,iOS,32
Salesforce,Linux Desktop,13
Salesforce,Amazon Web Services (AWS),84
Salesforce,Amazon Web Services (AWS),29
Salesforce,Windows Desktop,1
Salesforce,Arduino,14
Salesforce,iOS,9
Salesforce,Salesforce,33
Salesforce,Linux Desktop,6
Salesforce,Raspberry Pi,9
Salesforce,WordPress,4
Salesforce,Microsoft Azure,9
Salesforce,WordPress,14
Salesforce,Windows Desktop,9
Salesforce,SharePoint,3
Salesforce,Serverless,4
Salesforce,Mac OS,3
Salesforce,Serverless,7
Salesforce,Windows Phone,2
Salesforce,Windows Phone,2
Salesforce,Mac OS,9
Salesforce,Mainframe,2
Salesforce,SharePoint,2
Salesforce,Mainframe,1
Clojure,Clojure,111
Clojure,Elixir,23
Clojure,Python,37
Clojure,R,11
Clojure,Scala,40
Clojure,SQL,33
Clojure,Go,26
Clojure,C#,4
Clojure,Clojure,16
Clojure,Swift,15
Clojure,JavaScript,47
Clojure,Ruby,16
Clojure,Rust,31
Clojure,Go,4
Clojure,C,8
Clojure,Erlang,14
Clojure,Haskell,31
Clojure,TypeScript,17
Clojure,Common Lisp,3
Clojure,Java,24
Clojure,F#,13
Clojure,Haskell,7
Clojure,JavaScript,7
Clojure,Rust,4
Clojure,Elixir,6
Clojure,Assembly,3
Clojure,Groovy,7
Clojure,Julia,4
Clojure,Smalltalk,3
Clojure,Dart,4
Clojure,C++,8
Clojure,PHP,6
Clojure,Objective-C,3
Clojure,Lua,5
Clojure,Matlab,3
Clojure,CoffeeScript,2
Clojure,C,2
Clojure,CoffeeScript,3
Clojure,Scala,2
Clojure,C++,1
Clojure,Python,2
Clojure,Java,3
Clojure,Common Lisp,2
Clojure,Swift,1
Clojure,F#,2
Clojure,Perl,3
Clojure,VBA,2
Clojure,C#,3
Clojure,VB.NET,1
Clojure,Visual Basic 6,1
Clojure,TypeScript,1
Mainframe,Android,18
Mainframe,Linux Desktop,8
Mainframe,Windows Phone,2
Mainframe,Raspberry Pi,8
Mainframe,Mainframe,15
Mainframe,Amazon Web Services (AWS),20
Mainframe,iOS,6
Mainframe,Raspberry Pi,4
Mainframe,Microsoft Azure,10
Mainframe,Mainframe,27
Mainframe,Arduino,4
Mainframe,Serverless,1
Mainframe,Amazon Web Services (AWS),4
Mainframe,WordPress,1
Mainframe,Linux Desktop,4
Mainframe,Microsoft Azure,3
Mainframe,Serverless,2
Mainframe,Arduino,2
Mainframe,SharePoint,2
Mainframe,WordPress,3
Mainframe,iOS,2
Mainframe,Mac OS,3
Mainframe,Windows Desktop,2
Mainframe,Windows Desktop,1
Mainframe,Windows Phone,1
Rust,Rust,2
Rust,Swift,1
Rust,JavaScript,1
Rust,Julia,1
Rust,Python,1
Rust,Rust,1
Julia,Julia,4
Julia,Python,48
Julia,R,23
Julia,C,16
Julia,C#,16
Julia,Common Lisp,9
Julia,F#,17
Julia,Haskell,27
Julia,C#,11
Julia,CoffeeScript,10
Julia,Clojure,14
Julia,Dart,11
Julia,Groovy,9
Julia,Java,28
Julia,JavaScript,35
Julia,Scala,18
Julia,TypeScript,16
Julia,VB.NET,9
Julia,Assembly,24
Julia,C,17
Julia,C++,28
Julia,C++,10
Julia,Julia,48
Julia,PHP,12
Julia,SQL,27
Julia,JavaScript,5
Julia,Ruby,18
Julia,Python,4
Julia,Haskell,2
Julia,Clojure,6
Julia,Smalltalk,11
Julia,Erlang,1
Julia,Go,24
Julia,Swift,20
Julia,Elixir,15
Julia,Erlang,18
Julia,Hack,6
Julia,Lua,18
Julia,Matlab,14
Julia,Objective-C,10
Julia,Perl,14
Julia,Rust,25
Julia,VBA,8
Julia,Visual Basic 6,7
Julia,Go,6
Julia,Groovy,1
Julia,Common Lisp,1
Julia,Elixir,2
Julia,Java,1
Haskell,Assembly,5
Haskell,C,2
Haskell,C++,3
Haskell,C#,3
Haskell,Haskell,28
Haskell,Java,13
Haskell,JavaScript,27
Haskell,Clojure,4
Haskell,Erlang,7
Haskell,Julia,5
Haskell,R,5
Haskell,Ruby,4
Haskell,Swift,13
Haskell,Haskell,50
Haskell,Rust,26
Haskell,SQL,15
Haskell,Scala,16
Haskell,Python,34
Haskell,TypeScript,11
Haskell,C++,12
Haskell,Erlang,3
Haskell,Elixir,4
Haskell,PHP,7
Haskell,Python,3
Haskell,CoffeeScript,1
Haskell,F#,2
Haskell,Java,4
Haskell,Elixir,3
Haskell,Groovy,1
Haskell,JavaScript,2
Haskell,Rust,2
Haskell,Go,7
Haskell,Objective-C,1
Haskell,F#,3
Haskell,C,5
Haskell,Matlab,1
Haskell,Dart,1
Haskell,Go,3
Haskell,Dart,1
Haskell,Clojure,1
Haskell,VBA,1
Haskell,Common Lisp,1
Haskell,Matlab,1
Haskell,Objective-C,1
Haskell,Perl,1
Lua,Assembly,3
Lua,C,3
Lua,Lua,12
Lua,JavaScript,5
Lua,PHP,6
Lua,C,4
Lua,C++,5
Lua,Go,4
Lua,Python,17
Lua,C++,9
Lua,PHP,1
Lua,F#,1
Lua,Java,7
Lua,JavaScript,4
Lua,Ruby,3
Lua,TypeScript,1
Lua,Python,2
Lua,SQL,9
Lua,Visual Basic 6,1
Lua,Lua,7
Lua,C#,5
Lua,Haskell,1
Lua,R,5
Lua,Rust,3
Lua,Scala,2
Lua,Matlab,1
Lua,Go,1
Lua,Swift,3
Lua,VB.NET,1
Lua,Perl,3
Lua,Clojure,1
Lua,Dart,1
Lua,Visual Basic 6,2
Lua,R,1
Lua,VBA,1
Lua,Java,2
Lua,Objective-C,1
Julia,Haskell,2
Julia,Julia,9
Julia,Rust,3
Julia,Swift,2
Julia,C,3
Julia,Scala,6
Julia,Julia,9
Julia,Python,1
Julia,R,8
Julia,Python,14
Julia,C#,1
Julia,C++,3
Julia,PHP,4
Julia,SQL,5
Julia,C#,2
Julia,Java,1
Julia,Matlab,2
Julia,Elixir,1
Julia,Java,2
Julia,JavaScript,2
Julia,C++,1
Julia,Go,2
Julia,Visual Basic 6,1
Dart,Common Lisp,2
Dart,Clojure,3
Dart,Elixir,2
Dart,Scala,7
Dart,Swift,11
Dart,Dart,16
Dart,Java,17
Dart,Python,14
Dart,Go,5
Dart,JavaScript,14
Dart,TypeScript,9
Dart,Assembly,3
Dart,C,3
Dart,Dart,4
Dart,F#,2
Dart,Haskell,2
Dart,Rust,4
Dart,SQL,8
Dart,C++,2
Dart,C#,1
Dart,Erlang,2
Dart,Go,8
Dart,Smalltalk,3
Dart,C,1
Dart,Groovy,2
Dart,C#,4
Dart,PHP,4
Dart,Groovy,3
Dart,Lua,3
Dart,Common Lisp,2
Dart,Elixir,1
Dart,Ruby,3
Dart,Clojure,1
Dart,CoffeeScript,1
Dart,Objective-C,1
Dart,R,2
Dart,C++,1
Hack,C,10
Hack,C++,20
Hack,Go,20
Hack,Hack,27
Hack,PHP,29
Hack,Python,32
Hack,Ruby,18
Hack,C#,7
Hack,CoffeeScript,11
Hack,Java,25
Hack,JavaScript,34
Hack,Objective-C,18
Hack,SQL,35
Hack,Swift,17
Hack,TypeScript,12
Hack,Erlang,2
Hack,JavaScript,4
Hack,C++,14
Hack,Clojure,11
Hack,Haskell,16
Hack,Perl,14
Hack,C#,19
Hack,Groovy,9
Hack,Lua,14
Hack,Visual Basic 6,15
Hack,Assembly,18
Hack,C,11
Hack,Common Lisp,10
Hack,Dart,13
Hack,Elixir,10
Hack,Erlang,10
Hack,F#,13
Hack,Julia,10
Hack,Matlab,12
Hack,R,14
Hack,Rust,13
Hack,Scala,8
Hack,Smalltalk,7
Hack,VB.NET,10
Hack,VBA,10
Hack,Go,5
Hack,CoffeeScript,3
Hack,Java,1
Hack,PHP,2
Hack,Hack,2
Hack,Python,2
Hack,VBA,1
VBA,Python,2
VBA,Swift,3
VBA,VB.NET,1
VBA,VBA,6
VBA,JavaScript,1
VBA,C#,6
VBA,Java,4
VBA,Assembly,1
VBA,C,1
VBA,C#,2
VBA,SQL,2
VBA,Go,1
VBA,Haskell,1
VBA,JavaScript,4
VBA,R,1
VBA,Rust,1
VBA,TypeScript,2
VBA,PHP,1
VBA,VB.NET,3
VBA,C,2
VBA,C++,2
VBA,Java,1
VBA,Visual Basic 6,1
VBA,C++,1
VBA,Python,4
Hack,Hack,4
Hack,JavaScript,12
Hack,Matlab,1
Hack,PHP,7
Hack,C++,2
Hack,Dart,1
Hack,Hack,5
Hack,Haskell,1
Hack,Java,7
Hack,Rust,1
Hack,Scala,3
Hack,Swift,2
Hack,JavaScript,1
Hack,Python,8
Hack,CoffeeScript,1
Hack,Go,5
Hack,Ruby,3
Hack,C#,2
Hack,TypeScript,4
Hack,Haskell,2
Hack,Julia,2
Hack,R,2
Hack,CoffeeScript,1
Hack,Erlang,2
Hack,SQL,7
Hack,Perl,1
Hack,Assembly,1
Hack,C,1
Hack,C++,2
Hack,C,1
Hack,C#,1
Hack,Common Lisp,1
Hack,Go,1
Smalltalk,Smalltalk,56
Smalltalk,Swift,2
Smalltalk,TypeScript,1
Smalltalk,Python,3
Smalltalk,Smalltalk,8
Smalltalk,SQL,4
Smalltalk,Objective-C,3
Smalltalk,Rust,1
Smalltalk,F#,1
Smalltalk,Python,1
Smalltalk,Common Lisp,1
Smalltalk,Erlang,1
Smalltalk,VBA,1
Smalltalk,R,1
F#,F#,12
F#,Perl,1
F#,Scala,4
F#,C#,1
F#,Haskell,6
F#,JavaScript,1
F#,PHP,1
F#,SQL,4
F#,TypeScript,1
F#,Go,2
F#,Python,6
F#,Rust,6
F#,C++,1
F#,C#,1
F#,JavaScript,6
F#,Java,1
F#,R,3
F#,Ruby,3
F#,Elixir,2
F#,F#,2
F#,Julia,1
F#,Lua,1
F#,Haskell,1
F#,Hack,1
F#,TypeScript,1
F#,Objective-C,1
F#,Swift,2
F#,C,1
F#,Clojure,1
F#,Python,1
F#,Go,1
Visual Basic 6,Java,1
Visual Basic 6,JavaScript,1
Visual Basic 6,PHP,1
Visual Basic 6,Python,1
Visual Basic 6,SQL,1
Visual Basic 6,Python,1
Visual Basic 6,VB.NET,1
Visual Basic 6,Common Lisp,1
Visual Basic 6,Clojure,1
Visual Basic 6,F#,1
Visual Basic 6,TypeScript,1
TypeScript,TypeScript,4
TypeScript,Swift,1
TypeScript,Elixir,1
TypeScript,F#,1
TypeScript,TypeScript,3
TypeScript,C#,1
TypeScript,Rust,1
